HRV_MeanNN,HRV_SDNN,HRV_SDANN1,HRV_SDNNI1,HRV_SDANN2,HRV_SDNNI2,HRV_SDANN5,HRV_SDNNI5,HRV_RMSSD,HRV_SDSD,HRV_CVNN,HRV_CVSD,HRV_MedianNN,HRV_MadNN,HRV_MCVNN,HRV_IQRNN,HRV_pNN50,HRV_pNN20,HRV_HTI,HRV_TINN,HRV_ULF,HRV_VLF,HRV_LF,HRV_HF,HRV_VHF,HRV_LFHF,HRV_LFn,HRV_HFn,HRV_LnHF,Time
766.7493796526054,74.15569223015648,,,,,,,55.93562623802863,56.113090029517835,0.09671438177589987,0.07295164198681404,761.5384615384615,79.83230769230764,0.10483030303030295,111.53846153846155,30.967741935483872,61.935483870967744,15.5,39.0625,,,0.043846498819801315,0.011310848011437568,0.0012027504885532673,3.876499690868765,0.7779706016299515,0.20068893684229858,-4.481993012757939,2021-12-24 14:56:30
765.9057071960299,74.51794081491862,,,,,,,55.94936288515075,56.12544091934522,0.09729388371804638,0.0730499359901372,753.8461538461538,79.83230769230781,0.10590000000000016,111.53846153846155,30.967741935483872,61.935483870967744,15.5,39.0625,,,0.044514842651042316,0.0112296018385665,0.0011911816487946134,3.964062420998962,0.7818451410867471,0.19723330716112147,-4.48920196601915,2021-12-24 14:56:31
764.4477317554241,75.02035327935957,,,,,,,55.490662190857336,55.66911022767607,0.0981366680323429,0.07258921687612634,753.8461538461538,79.83230769230781,0.10590000000000016,111.53846153846155,30.128205128205128,60.89743589743589,15.6,39.0625,,,0.04503872463023589,0.011175411611458214,0.0011761822186387928,4.030162484937685,0.7847791376408864,0.19472642618602032,-4.494039305920723,2021-12-24 14:56:32
764.0694789081886,75.78635474088668,,,,,,,55.642920794977805,55.81870575450494,0.09918777916529402,0.07282442543639925,753.8461538461538,91.23692307692309,0.12102857142857146,119.23076923076928,30.32258064516129,61.29032258064516,15.5,39.0625,,,0.04546625668335132,0.011146900401440805,0.0011528448312581843,4.078825058621186,0.7870763974530579,0.19296645140233662,-4.4965938106248124,2021-12-24 14:56:33
762.6232741617358,76.5571879678626,,,,,,,55.46657844756861,55.6413615114642,0.10038663985440666,0.07273129515819805,753.8461538461538,91.23692307692309,0.12102857142857146,117.30769230769238,30.128205128205128,60.89743589743589,15.6,39.0625,,,0.04561302747655492,0.011149443547235623,0.0011308932184437785,4.091058650892416,0.7878800631744828,0.19258586356434076,-4.496365688398882,2021-12-24 14:56:34
761.2444879960805,77.22762862414507,,,,,,,55.32966263487179,55.50148764756438,0.10144917939234091,0.0726831701343717,753.8461538461538,91.23692307692309,0.12102857142857146,123.0769230769231,29.936305732484076,61.146496815286625,15.7,46.875,,,0.04556031615405827,0.011164409289266052,0.0011059780713489342,4.080853269851181,0.7878222706126746,0.1930533196165136,-4.495024302454993,2021-12-24 14:56:35
760.4536489151874,78.28300964770546,,,,,,,55.225163355889435,55.394309142753414,0.10294251301098863,0.07262134047837102,753.8461538461538,91.23692307692309,0.12102857142857146,125.00000000000011,28.846153846153843,60.89743589743589,15.6,54.6875,,,0.04523424140059711,0.011196708472922562,0.0010715654641468549,4.0399588423677235,0.7866480472197155,0.1947168468574496,-4.492135430220343,2021-12-24 14:56:36
758.3537481626654,79.98370996521209,,,,,,,54.77502573336161,54.928629872118,0.10547018480359081,0.07222885871675348,753.8461538461538,91.23692307692309,0.12102857142857146,123.0769230769231,28.02547770700637,59.87261146496815,15.7,70.3125,,,0.044764347906336925,0.011221912345940478,0.0010415092547231214,3.989012436238678,0.7849570181916692,0.19677978716251415,-4.489886952596313,2021-12-24 14:56:37
756.0856864654334,80.84702069269547,,,,,,,54.61410795479807,54.773967157729196,0.10692838409710011,0.07223269654807163,753.8461538461538,91.23692307692309,0.12102857142857146,128.8461538461538,27.848101265822784,59.49367088607595,15.8,70.3125,,,0.04407536994514406,0.011223969864653637,0.0010094987402249848,3.926896675297176,0.7827433681834716,0.19932874045488752,-4.489703621088144,2021-12-24 14:56:38
754.8198636806233,81.23502179386806,,,,,,,54.55887243325282,54.72277825517625,0.10762173294930662,0.07228065272052457,753.8461538461538,91.23692307692309,0.12102857142857146,128.8461538461538,27.848101265822784,58.86075949367089,15.8,70.3125,,,0.0431107401543095,0.011220403298981428,0.0009703932459709002,3.8421738511148726,0.7795577252898461,0.2028949640224229,-4.490021434882829,2021-12-24 14:56:39
753.0622243998041,81.4132524260828,,,,,,,54.368416804847044,54.52949451440042,0.10810959544673714,0.07219644677858998,746.1538461538462,91.23692307692309,0.12227628865979383,123.0769230769231,27.388535031847134,57.961783439490446,15.7,70.3125,,,0.042327697597225475,0.011209069347210495,0.0009411823799037909,3.776200885737156,0.7769693632413257,0.20575424527226993,-4.491032065218584,2021-12-24 14:56:40
750.6815968841286,82.61695002716414,,,,,,,54.03131878215924,54.19343210006344,0.11005591501121677,0.07197634657147356,746.1538461538462,91.23692307692309,0.12227628865979383,123.0769230769231,26.582278481012654,57.59493670886076,15.8,70.3125,,,0.0414909233451876,0.011158369490497816,0.0009124802887395185,3.7183679372259735,0.7746368524582534,0.20832711166183254,-4.495565435705044,2021-12-24 14:56:41
748.4760522496372,84.41045697532896,,,,,,,53.790484507056235,53.94162390243416,0.11277642981578757,0.0718666740844711,746.1538461538462,91.23692307692309,0.12227628865979383,126.92307692307702,26.41509433962264,56.60377358490566,15.9,93.75,,,0.040572744536128746,0.01106988637200653,0.000880056249998134,3.6651455283885195,0.7724803647988114,0.2107638997730203,-4.503526796812327,2021-12-24 14:56:42
745.8653846153846,86.34545482179287,,,,,,,53.4019970336965,53.53727643326283,0.11576546733874511,0.0715973661403176,738.4615384615385,96.9392307692308,0.13127187500000004,130.76923076923083,25.624999999999996,55.625,16.0,101.5625,,,0.04002516178498885,0.010988773154265,0.0008584384885246455,3.642368554077772,0.7716084524398246,0.21184249780983289,-4.510881149712947,2021-12-24 14:56:43
743.2871476349737,87.02351190393875,,,,,,,53.28693124416266,53.429081417298846,0.11707926362084194,0.0716909089760445,738.4615384615385,102.64153846153853,0.13899375000000008,130.76923076923083,25.465838509316768,55.90062111801242,16.1,101.5625,,,0.03967820561616709,0.010900161094038838,0.0008408329082494509,3.640148551370182,0.7716612843177316,0.21198620699896217,-4.518977710586634,2021-12-24 14:56:44
741.5384615384615,87.3239362223849,,,,,,,52.91896452333815,53.0699905663414,0.11776049490570578,0.07136374883852654,738.4615384615385,102.64153846153853,0.13899375000000008,132.69230769230774,25.0,55.00000000000001,16.0,101.5625,,,0.039577552536337726,0.010786317460502279,0.0008247455367059438,3.669236760485144,0.7731709897565205,0.2107171164540204,-4.529476849855854,2021-12-24 14:56:45
739.4648829431438,87.92534166098052,,,,,,,52.75333355517385,52.902941364507896,0.11890401246781174,0.0713398766756987,730.7692307692307,102.64153846153836,0.14045684210526302,130.76923076923083,24.84472049689441,54.6583850931677,16.1,101.5625,,,0.039740066746026335,0.010687949931217494,0.000815384897958603,3.7182122859645017,0.775515783972804,0.20857221813295035,-4.538638346778021,2021-12-24 14:56:46
738.1748686096512,88.21406940222919,,,,,,,52.52852141580017,52.68547853011873,0.1195029432096218,0.07115999697299014,730.7692307692307,102.64153846153836,0.14045684210526302,130.76923076923083,24.22360248447205,54.037267080745345,16.1,101.5625,,,0.04011298188834304,0.01058675249328693,0.0008088714835871191,3.788978906777949,0.7787627176962806,0.20553366404420567,-4.54815182425566,2021-12-24 14:56:47
736.372269705603,89.16873756711755,,,,,,,52.36864440090043,52.52329550768441,0.12109192759630485,0.07111707835200949,730.7692307692307,102.64153846153836,0.14045684210526302,136.53846153846155,24.074074074074073,53.70370370370371,16.2,101.5625,,,0.04082382296810263,0.01045788607909506,0.0008039916841005951,3.903640053003445,0.7837817749386946,0.2007822863523639,-4.560398936458254,2021-12-24 14:56:48
733.9506172839506,90.6591324221783,,,,,,,51.90692711275585,52.035323101076045,0.12352211482248011,0.07072264249172791,723.0769230769231,91.23692307692309,0.12617872340425534,136.53846153846155,23.456790123456788,52.46913580246913,16.2,101.5625,,,0.041539009177858965,0.010356108302286237,0.0008019361463927912,4.011063612446842,0.7882605633370764,0.19652158118136132,-4.570178759221087,2021-12-24 14:56:49
731.4299197734781,90.87362923250545,,,,,,,51.71823050997645,51.857580751563134,0.12424106093533714,0.07070838792866642,723.0769230769231,91.23692307692309,0.12617872340425534,130.76923076923072,23.31288343558282,51.533742331288344,16.3,101.5625,,,0.042392380567438076,0.010271560968227842,0.0008022279703748063,4.127160486956838,0.7928823208973012,0.19211327579895804,-4.578376273579964,2021-12-24 14:56:50
730.0613496932515,90.8149715579028,,,,,,,51.37811515259969,51.52948130410663,0.12439361650368198,0.07037506529305672,723.0769230769231,91.23692307692309,0.12617872340425534,130.76923076923072,22.699386503067483,50.920245398773,16.3,101.5625,,,0.04331475166379658,0.010200334992015342,0.0008041679797291192,4.246404818832192,0.7974106411146477,0.18778488512876743,-4.585334716876765,2021-12-24 14:56:51
728.0956848030019,91.821096387197,,,,,,,50.585564498983665,50.707856337067675,0.12611130419216904,0.06947653386061534,719.2307692307693,96.9392307692308,0.13478181818181822,130.76923076923072,21.951219512195124,51.21951219512195,16.4,101.5625,,,0.044584499274153304,0.010153196744667211,0.0008099770390959852,4.391178502235814,0.8026348687490023,0.18278347562968175,-4.58996667286723,2021-12-24 14:56:52
726.219512195122,91.90494972484254,,,,,,,50.585564498983665,50.70432092083003,0.1265525756076757,0.06965602500279866,715.3846153846154,96.93923076923072,0.13550645161290317,130.76923076923072,21.951219512195124,51.21951219512195,16.4,101.5625,,,0.04569803954654079,0.010165855629325541,0.0008180411377984339,4.495247740358934,0.8062187447806719,0.1793491240854942,-4.58872066138371,2021-12-24 14:56:53
724.202626641651,91.54254178682793,,,,,,,51.266318178050994,51.42421697370813,0.12640459785590488,0.07079001966036576,715.3846153846154,91.23692307692309,0.12753548387096778,130.76923076923072,21.341463414634145,51.21951219512195,16.4,101.5625,,,0.047169474120919805,0.010253623454522756,0.000832896366719227,4.600273681799178,0.8096930621036353,0.17600975900785157,-4.580124128108548,2021-12-24 14:56:54
724.8123827392121,91.91882151946825,,,,,,,51.636731624446575,51.789607197202464,0.1268173995208091,0.07124151415474023,715.3846153846154,96.93923076923072,0.13550645161290317,130.76923076923072,21.951219512195124,51.21951219512195,16.4,101.5625,,,0.048378585896036434,0.010387114996185073,0.0008493438366867935,4.657557552198534,0.811516390133259,0.17423647073350584,-4.567189183633304,2021-12-24 14:56:55
725.187617260788,91.94251432696768,,,,,,,51.90668820063452,52.06587286938323,0.12678445155235438,0.07157690915448729,715.3846153846154,96.93923076923072,0.13550645161290317,130.76923076923072,22.5609756097561,51.829268292682926,16.4,101.5625,,,0.0495470452190325,0.010573615835062656,0.0008688434292971183,4.685913124886942,0.8123864202327532,0.1733677937642845,-4.549393452918082,2021-12-24 14:56:56
725.093808630394,91.83401671714225,,,,,,,51.386553896625024,51.54491037030634,0.12665122170964957,0.07086883556996218,719.2307692307693,96.9392307692308,0.13478181818181822,130.76923076923072,21.341463414634145,51.21951219512195,16.4,101.5625,,,0.05086757647664351,0.010876554330758957,0.0008971875794902219,4.676809854458201,0.8120451131387304,0.17363227037435422,-4.521145785254134,2021-12-24 14:56:57
724.671669793621,91.96679071316997,,,,,,,51.66835778581237,51.825420820410244,0.1269082186410863,0.07129898951414367,715.3846153846154,91.23692307692309,0.12753548387096778,130.76923076923072,21.951219512195124,51.829268292682926,14.909090909090908,101.5625,,,0.050738518283089305,0.010950052009698598,0.0009041098739360403,4.633632629155511,0.8106142467128825,0.17494141456367862,-4.514411072986743,2021-12-24 14:56:58
723.4498834498834,92.2600176315519,,,,,,,50.76269217090598,50.89860172086673,0.1275278630104903,0.07016753106495253,715.3846153846154,102.64153846153836,0.14347741935483857,138.46153846153845,21.21212121212121,51.515151515151516,15.0,101.5625,,,0.04930708167022403,0.01081030737293644,0.0008917159300830303,4.561117456628857,0.8081921820005132,0.1771917056917565,-4.5272552136060815,2021-12-24 14:56:59
720.2797202797203,92.60852678344283,,,,,,,50.766245861425986,50.89196926862024,0.12857300320419732,0.07048129279790209,707.6923076923077,102.64153846153836,0.14503695652173898,130.76923076923083,21.21212121212121,50.90909090909091,15.0,101.5625,,,0.04464325183983034,0.010064918429344209,0.0008270224599761923,4.435530417183831,0.8038731774562987,0.18123495993669392,-4.598699324310286,2021-12-24 14:57:00
718.5547785547785,92.61202130761725,,,,,,,50.73425368566508,50.85483331388571,0.12888651508780835,0.07060596519545294,707.6923076923077,102.64153846153836,0.14503695652173898,130.76923076923083,21.21212121212121,50.303030303030305,15.0,101.5625,,,0.041441050048747,0.00960958537471131,0.0007858806272472645,4.312470146506396,0.7994566997560193,0.18538254703135104,-4.644994202122048,2021-12-24 14:57:01
716.0333642261354,92.44127722711575,,,,,,,50.59445794930302,50.72054581425283,0.12910191318671743,0.0706593581766735,707.6923076923077,102.64153846153836,0.14503695652173898,130.76923076923083,21.084337349397593,50.0,15.090909090909092,101.5625,,,0.036955839384912176,0.008851342565169291,0.000719242525320922,4.175167677990029,0.7942978597990054,0.19024334375509178,-4.72718612918891,2021-12-24 14:57:02
713.8645785352372,91.9565437155019,,,,,,,49.94828722381066,50.08990795345625,0.12881510930852666,0.06996885505413146,707.6923076923077,102.64153846153836,0.14503695652173898,134.61538461538453,20.35928143712575,49.101796407185624,15.181818181818182,101.5625,,,0.03205260298035737,0.008032195064595508,0.0006462633720296954,3.990516007465949,0.7869326716586185,0.19720073047854658,-4.824297430396946,2021-12-24 14:57:03
712.989405803777,91.97462381690576,,,,,,,49.833972584518825,49.98110429292884,0.12899858408585982,0.06989440821822494,700.0,91.23692307692309,0.13033846153846157,134.61538461538453,20.35928143712575,48.50299401197605,15.181818181818182,101.5625,,,0.029722328726798204,0.007742569958946384,0.0006172737676563589,3.838819524317588,0.7804788123148115,0.20331219203475168,-4.861021610452684,2021-12-24 14:57:04
711.5384615384615,92.44194137535932,,,,,,,49.74156361967802,49.88343982469132,0.12991840409509958,0.06990706238441236,700.0,102.64153846153853,0.14663076923076934,138.46153846153845,20.238095238095237,48.80952380952381,15.272727272727273,101.5625,,,0.02761929846420182,0.007485826697503015,0.0005912678326411888,3.6895455345519235,0.7737279917490952,0.20970821053793026,-4.8947438199811995,2021-12-24 14:57:05
709.7527472527472,93.13491314435163,,,,,,,49.66671331493906,49.81188805564385,0.13122163106074702,0.06997748653624083,692.3076923076923,102.64153846153845,0.14825999999999998,140.38461538461547,20.238095238095237,48.214285714285715,15.272727272727273,101.5625,,,0.024992606967162444,0.007113590198064746,0.0005553882450661089,3.5133605213808474,0.7651988307734144,0.2177968432549786,-4.945748212110221,2021-12-24 14:57:06
709.3406593406594,93.26291741996118,,,,,,,49.66671331493906,49.81188805564385,0.13147831890343095,0.07001813960742764,692.3076923076923,102.64153846153845,0.14825999999999998,140.38461538461547,20.238095238095237,48.214285714285715,15.272727272727273,101.5625,,,0.023797791473231307,0.007030395960966749,0.0005439466821791766,3.3849859389653605,0.7585646352572527,0.22409683494552776,-4.957512250283885,2021-12-24 14:57:07
708.4205735093309,93.11400966840274,,,,,,,49.29411560983713,49.43207561456616,0.13143888411814497,0.06958312258726046,692.3076923076923,102.64153846153836,0.14825999999999986,138.46153846153845,19.526627218934912,47.337278106508876,15.363636363636363,101.5625,,,0.02250861997069008,0.006881346439299212,0.0005276633119491427,3.2709616016632834,0.7523530500206917,0.23000974687019266,-4.978940942797781,2021-12-24 14:57:08
706.547619047619,92.13725967634205,,,,,,,48.70501739537837,48.84658328319974,0.13040488311394663,0.06893380726557342,688.4615384615385,96.93923076923072,0.1408055865921787,132.69230769230785,18.452380952380953,46.42857142857143,15.272727272727273,101.5625,,,0.020483006101179035,0.006496149581992111,0.0004932961219569115,3.1530995157438646,0.7455834756385173,0.23646049606608205,-5.036545649603372,2021-12-24 14:57:09
705.952380952381,91.9527275297923,,,,,,,48.27756382675625,48.41006320052448,0.13025344203208353,0.068386431053078,684.6153846153846,102.64153846153836,0.14992584269662906,126.92307692307713,17.857142857142858,45.83333333333333,15.272727272727273,101.5625,,,0.01973979459397949,0.006404780107649367,0.0004838294543242836,3.082040954131091,0.7413059557895583,0.2405243690210963,-5.050710675581187,2021-12-24 14:57:10
704.6426945835229,90.85478574505876,,,,,,,48.078754543870176,48.212843334635345,0.12893738407201996,0.06823139573211212,684.6153846153846,102.64153846153836,0.14992584269662906,123.0769230769231,17.75147928994083,44.97041420118343,15.363636363636363,125.0,,,0.01825043621343437,0.006033482482993398,0.00045349034984666013,3.024859401660144,0.7377666828120374,0.2439011487301282,-5.110430908745892,2021-12-24 14:57:11
703.3484162895927,90.11154041019915,,,,,,,47.91803512669314,48.051763145854366,0.12811792608501038,0.06812844675115276,684.6153846153846,102.64153846153836,0.14992584269662906,121.15384615384619,17.647058823529413,44.11764705882353,13.076923076923077,93.75,,,0.01728165576289792,0.005749821646545734,0.0004314261327635215,3.0055985777019805,0.7365523082771971,0.24506010674264755,-5.158586442645992,2021-12-24 14:57:12
702.3213472917614,89.87877599455807,,,,,,,47.86951598586861,48.011833282727075,0.1279738631626987,0.06815899327346296,684.6153846153846,91.23692307692309,0.1332674157303371,115.38461538461536,17.159763313609467,44.37869822485207,13.0,93.75,,,0.01656872791218556,0.0055055419608859455,0.0004132521528729198,3.009463560517363,0.7367965173339152,0.24482652888717849,-5.202000064809313,2021-12-24 14:57:13
702.3213472917614,89.87877599455807,,,,,,,47.998103888538154,48.141574393330544,0.1279738631626987,0.06834208311284402,684.6153846153846,91.23692307692309,0.1332674157303371,115.38461538461536,17.159763313609467,44.97041420118343,13.0,93.75,,,0.0162920271234566,0.0053690697667563994,0.00040420947477769615,3.0344226898170956,0.7383549022145414,0.24332631860825124,-5.227100613259135,2021-12-24 14:57:14
702.5339366515838,89.67875423550785,,,,,,,47.84857011726398,47.98900646499481,0.12765042307128194,0.0681085533679978,684.6153846153846,96.93923076923072,0.14159662921348307,115.38461538461536,17.058823529411764,45.294117647058826,13.076923076923077,93.75,,,0.016031076046301315,0.005189536704614591,0.000393908816568377,3.089115071109587,0.7416808184372491,0.24009491435708896,-5.261110852722474,2021-12-24 14:57:15
703.1406463359126,89.93992469626515,,,,,,,47.95772769948022,48.09794236838605,0.12791171320410055,0.0682050283245456,684.6153846153846,102.64153846153836,0.14992584269662906,115.38461538461536,17.159763313609467,44.97041420118343,14.083333333333334,93.75,,,0.015924184020926276,0.005060211654309159,0.0003881276318783798,3.1469403077963367,0.745077396435728,0.23676248150937212,-5.286346967642714,2021-12-24 14:57:16
703.5294117647059,89.60583004130261,,,,,,,47.84857011726398,47.99056986812415,0.12736614637977797,0.06801218160480667,684.6153846153846,96.93923076923072,0.14159662921348307,115.38461538461536,17.058823529411764,45.294117647058826,14.166666666666666,93.75,,,0.015861458370431198,0.004938583173733358,0.0003841197356641659,3.211742682555777,0.7487413903676361,0.23312620728750832,-5.310676795855848,2021-12-24 14:57:17
702.4578971324534,87.58674314480915,,,,,,,42.52359164884107,42.63874932818814,0.1246861107296998,0.06053543112324488,684.6153846153846,102.64153846153836,0.14992584269662906,115.38461538461536,17.159763313609467,44.97041420118343,14.083333333333334,101.5625,,,0.01558201346376135,0.0047314873805346346,0.0003759497031403202,3.2932590136171216,0.7531380994403529,0.22869081852543097,-5.353515669136814,2021-12-24 14:57:18
701.2289485662267,85.80311587444378,,,,,,,42.56084766229928,42.664338907018646,0.12236105775422107,0.06069465293656466,684.6153846153846,91.23692307692309,0.1332674157303371,115.38461538461536,17.159763313609467,44.97041420118343,14.083333333333334,101.5625,,,0.01517164599576196,0.004528825001824529,0.0003669634002895273,3.3500181591582265,0.7560331677161362,0.22568031926910742,-5.397292754628082,2021-12-24 14:57:19
700.2275830678198,83.70904050696785,,,,,,,42.631131299496325,42.7537448201461,0.11954547711506004,0.06088182232513873,684.6153846153846,91.23692307692309,0.1332674157303371,115.38461538461536,17.159763313609467,44.97041420118343,14.083333333333334,101.5625,,,0.01467154052620046,0.004312673310973543,0.00035852290379512225,3.401959635771369,0.758503862337392,0.22296086477975124,-5.446197309380341,2021-12-24 14:57:20
699.5927601809956,82.18788691218266,,,,,,,42.619983681347,42.73688864672637,0.11747961326946747,0.06092113313225332,688.4615384615385,96.93923076923072,0.1408055865921787,115.38461538461536,17.058823529411764,45.294117647058826,14.166666666666666,101.5625,,,0.014393351466172122,0.004205429775958381,0.00035626301156191576,3.422563740918014,0.7593414857561366,0.22186335835851018,-5.47137878484449,2021-12-24 14:57:21
698.4615384615385,80.83195431737471,,,,,,,42.57477660816532,42.69248880157211,0.11572856895659375,0.060955076641646386,688.4615384615385,96.93923076923072,0.1408055865921787,115.38461538461536,17.058823529411764,45.294117647058826,14.166666666666666,101.5625,,,0.014149168538431834,0.004134016285926351,0.00035620293302554654,3.4226204155509965,0.759100498503597,0.2217892743976378,-5.488505878222253,2021-12-24 14:57:22
697.9307242465137,79.87901077900953,,,,,,,42.45347159256887,42.57734043143449,0.11445120268239652,0.06082762961668101,692.3076923076923,91.23692307692309,0.1317866666666667,115.38461538461536,16.95906432748538,45.02923976608187,14.25,101.5625,,,0.013970185346406212,0.004103976428430417,0.00035808063942945626,3.404060815171195,0.7579210945920309,0.22265204288188198,-5.495798914690003,2021-12-24 14:57:23
697.8407557354926,79.76323804878389,,,,,,,41.9047035166538,42.025534208023316,0.11430005684422521,0.06004909167634976,692.3076923076923,91.23692307692309,0.1317866666666667,115.38461538461536,16.374269005847953,45.02923976608187,14.25,101.5625,,,0.01382145086463792,0.004112084774842595,0.00036254611860605255,3.3611784827969617,0.7554322858515357,0.22475220810735178,-5.4938251345917415,2021-12-24 14:57:24
697.8733031674208,79.98898308817397,,,,,,,42.58299964573272,42.70932714234024,0.11461820179268915,0.0610182384860723,692.3076923076923,91.23692307692309,0.1317866666666667,115.38461538461536,17.058823529411764,45.294117647058826,14.166666666666666,101.5625,,,0.013726528452426185,0.004136892805245029,0.0003659515961255906,3.3180768994117456,0.7529896153046883,0.22693555277099942,-5.487810303067709,2021-12-24 14:57:25
697.6158344579397,79.81568808970627,,,,,,,42.37961800531438,42.50326596715413,0.11441209351522894,0.06074922029005279,692.3076923076923,91.23692307692309,0.1317866666666667,115.38461538461536,16.95906432748538,45.02923976608187,13.153846153846153,101.5625,,,0.01366725236714558,0.00417425848248929,0.0003689379477349445,3.274174904232382,0.7505170531063231,0.22922326236639423,-5.478818545438263,2021-12-24 14:57:26
697.480881691408,79.79189086052737,,,,,,,42.41656087271467,42.54184435690043,0.11440011182389705,0.0608139405482391,692.3076923076923,91.23692307692309,0.1317866666666667,115.38461538461536,16.95906432748538,45.02923976608187,13.153846153846153,101.5625,,,0.013679265841793497,0.004229793855097927,0.0003720303046267783,3.2340266004468905,0.7482740821612642,0.23137536409189238,-5.465602021130894,2021-12-24 14:57:27
697.0588235294117,79.7042673369677,,,,,,,41.144475896313544,41.25338780834129,0.11434367466062878,0.05902583039977471,688.4615384615385,91.23692307692309,0.13252290502793299,115.38461538461536,15.88235294117647,44.11764705882353,13.076923076923077,101.5625,,,0.013621622765712436,0.004266653145464998,0.00037109191347331813,3.192577953094402,0.7460073588814391,0.23366926973807248,-5.456925565761337,2021-12-24 14:57:28
696.8061178587494,78.53408160024338,,,,,,,41.29811478408918,41.416538058181416,0.11270578657026536,0.059267727027133794,692.3076923076923,91.23692307692309,0.1317866666666667,115.38461538461536,16.374269005847953,45.02923976608187,13.153846153846153,101.5625,,,0.013871256084678998,0.004377553781115883,0.00037491940280783833,3.16872316783806,0.744816244084057,0.23505248159378542,-5.43126520807371,2021-12-24 14:57:29
696.221322537112,77.43435705592547,,,,,,,40.789289012622405,40.90968870164757,0.11122089276689431,0.05858667020421245,692.3076923076923,91.23692307692309,0.1317866666666667,115.38461538461536,15.789473684210526,44.44444444444444,13.153846153846153,101.5625,,,0.014158051175798023,0.004475722896470328,0.00037770749534490384,3.163299315729182,0.7447105647945279,0.23542209903802994,-5.409087399190991,2021-12-24 14:57:30
695.7513416815743,76.75313902984773,,,,,,,41.18558565181797,41.3029939723671,0.1103169112751427,0.05919584079029696,692.3076923076923,85.53461538461545,0.1235500000000001,115.38461538461536,16.27906976744186,44.76744186046512,13.23076923076923,101.5625,,,0.014437171041688327,0.004553666358537019,0.000378172692521065,3.1704498979425964,0.7453747492802933,0.23510062397263878,-5.391822577411171,2021-12-24 14:57:31
694.4219523166893,76.00374134667986,,,,,,,41.32760290979148,41.442512965390065,0.10944893244391352,0.05951367575854534,692.3076923076923,79.83230769230781,0.1153133333333335,107.69230769230774,16.374269005847953,45.614035087719294,13.153846153846153,101.5625,,,0.014760925297860652,0.004627852792754189,0.0003780544354787251,3.1895840163653815,0.7467521808754753,0.2341221228360744,-5.375662278118089,2021-12-24 14:57:32
693.5222672064777,75.37985219531517,,,,,,,41.36548532607526,41.47775811445067,0.10869132219639722,0.05964550423549672,684.6153846153846,91.23692307692309,0.1332674157303371,107.69230769230774,16.374269005847953,46.198830409356724,13.153846153846153,101.5625,,,0.015275867151970025,0.004731993948144775,0.00037832462861817084,3.228209359388357,0.7493244374027118,0.23211767081447435,-5.353408611788037,2021-12-24 14:57:33
692.6207513416816,74.51172155517256,,,,,,,40.92430128825707,41.04201070573971,0.10757939523301209,0.05908616109029689,684.6153846153846,91.23692307692309,0.1332674157303371,107.69230769230774,15.69767441860465,45.348837209302324,13.23076923076923,101.5625,,,0.015748401943938128,0.004817644818499826,0.0003788647666673863,3.268900580521012,0.751896322028094,0.23001504741641712,-5.335470097203894,2021-12-24 14:57:34
692.3076923076924,74.62634616502554,,,,,,,41.629697022776234,41.752458171008904,0.1077936111272591,0.06013178458845456,684.6153846153846,91.23692307692309,0.1332674157303371,107.69230769230774,16.374269005847953,46.198830409356724,13.153846153846153,101.5625,,,0.016224437269246866,0.004871055930047989,0.00037595685009480725,3.3307844340615125,0.7556283917446952,0.2268619920332978,-5.32444454197196,2021-12-24 14:57:35
692.4865831842576,74.46338933790456,,,,,,,41.777854346653164,41.90045306020672,0.10753044339935068,0.060330200412759286,684.6153846153846,85.53461538461545,0.1249382022471911,107.69230769230774,16.86046511627907,46.51162790697674,13.23076923076923,101.5625,,,0.01651825117369572,0.004874978989398992,0.0003710679279874664,3.388373818557146,0.7589608957094737,0.22398971788557206,-5.3236394844084876,2021-12-24 14:57:36
692.2629695885511,74.28912486938772,,,,,,,41.798555925816984,41.92109409741198,0.10731344609338518,0.06037959238331079,684.6153846153846,79.83230769230781,0.1166089887640451,107.69230769230774,16.86046511627907,47.093023255813954,13.23076923076923,101.5625,,,0.016825273422902787,0.004875140185929388,0.00036664379819921635,3.4512388939017242,0.762461125312595,0.22092389102934887,-5.323606418857695,2021-12-24 14:57:37
691.6815742397139,74.06489491999177,,,,,,,41.839928355945084,41.96084195410295,0.10707946789156962,0.06049015893178145,684.6153846153846,79.83230769230772,0.11660898876404498,107.69230769230774,16.86046511627907,48.25581395348838,13.23076923076923,101.5625,,,0.0171035101052721,0.0048384822180259045,0.00035937749892005146,3.5348915909109846,0.766926437327293,0.21695896963268588,-5.331154198750598,2021-12-24 14:57:38
691.010733452594,74.02108176549339,,,,,,,40.78030557698595,40.874582977151164,0.10712001736304655,0.05901544448264875,684.6153846153846,79.83230769230764,0.11660898876404485,101.9230769230769,16.27906976744186,48.25581395348838,13.23076923076923,101.5625,,,0.017152434518639407,0.004759476817325789,0.0003514027277973194,3.603848737365394,0.7704349168104325,0.21378114703384074,-5.347617529106126,2021-12-24 14:57:39
688.9728768341485,72.7927001460666,,,,,,,40.219228600882374,40.32229050099096,0.10565394167699502,0.058375634155136795,684.6153846153846,79.83230769230764,0.11660898876404485,107.69230769230774,15.606936416184972,47.97687861271676,13.307692307692308,101.5625,,,0.01754557383647107,0.004781888182990581,0.00035244566943990255,3.669172754578739,0.7736175154300571,0.21084248880477605,-5.342919793115544,2021-12-24 14:57:40
687.9057358826145,72.50825442067611,,,,,,,40.18071877159229,40.28702535673747,0.10540434632027701,0.05841021040482907,684.6153846153846,79.83230769230764,0.11660898876404485,107.69230769230774,15.606936416184972,47.398843930635834,13.307692307692308,101.5625,,,0.017640600856617228,0.004727879371552288,0.0003491774515733281,3.731186747860141,0.7765149517305745,0.20811473780450973,-5.354278512834891,2021-12-24 14:57:41
685.7269897732326,72.27787247946094,,,,,,,40.14645680094341,40.248055551336115,0.10540327791875738,0.05854583150390463,676.9230769230769,79.83230769230764,0.11793409090909084,107.69230769230762,15.606936416184972,46.82080924855491,13.307692307692308,101.5625,,,0.017657965571866923,0.004648324171194822,0.00034652575115894237,3.798781006129367,0.7795042332098596,0.2051985181436157,-5.371248517631578,2021-12-24 14:57:42
684.0406719717065,72.41581260131063,,,,,,,39.518599907983585,39.62839571328317,0.10586477612884679,0.05777229560644921,676.9230769230769,79.83230769230764,0.11793409090909084,105.76923076923072,14.942528735632186,45.97701149425287,13.384615384615385,101.5625,,,0.017719346971466394,0.004613061858576415,0.0003483364225747671,3.8411249436257426,0.7812506500165116,0.2033911058563661,-5.378863464876502,2021-12-24 14:57:43
682.5934065934066,73.62955582738509,,,,,,,40.73309711155363,40.83561315443762,0.10786737040846228,0.05967402661393813,676.9230769230769,79.83230769230764,0.11793409090909084,107.69230769230762,15.428571428571427,46.85714285714286,13.461538461538462,164.0625,,,0.017452152073820903,0.004502386890959515,0.00034774123910449845,3.876200001573306,0.7825277018437267,0.20188011493888539,-5.403147602615714,2021-12-24 14:57:44
683.2449160035367,72.58905979253721,,,,,,,39.6870129964634,39.80099095376833,0.10624163911402082,0.0580860714318992,669.2307692307692,79.83230769230747,0.11928965517241347,105.76923076923072,14.942528735632186,47.12643678160919,12.428571428571429,101.5625,,,0.017039940320987306,0.004388132889277094,0.0003466902008008207,3.8831869387151774,0.7825545563598715,0.20152379185195593,-5.4288514523246505,2021-12-24 14:57:45
682.8912466843502,72.65683617647156,,,,,,,39.5834589700192,39.69813498534987,0.10639591081192376,0.05796451362088653,669.2307692307692,79.83230769230747,0.11928965517241347,105.76923076923072,14.942528735632186,46.55172413793103,12.428571428571429,101.5625,,,0.01669714352498045,0.004317792637199905,0.00035014949582093434,3.8670554442856644,0.7815154028520039,0.20209573255714416,-5.445010970923643,2021-12-24 14:57:46
682.4049513704686,73.0450474205163,,,,,,,39.49262645798218,39.60565756628159,0.10704061755973561,0.05787271381702235,669.2307692307692,79.83230769230764,0.11928965517241372,113.46153846153834,14.942528735632186,45.97701149425287,13.384615384615385,101.5625,,,0.01614552383044439,0.0042361816102370765,0.0003559360258705521,3.811338916968862,0.7785612388219602,0.20427499516131875,-5.4640929791126425,2021-12-24 14:57:47
681.6703296703297,73.28568202151652,,,,,,,39.34874167493028,39.460285048348794,0.10750898026757162,0.057724005229859675,669.2307692307692,79.83230769230781,0.11928965517241398,111.53846153846143,14.857142857142858,45.14285714285714,13.461538461538462,101.5625,,,0.015741896321644605,0.004211346608435777,0.00036424201460133135,3.7379721465129245,0.7747955204349832,0.20727696463917572,-5.469972822946054,2021-12-24 14:57:48
681.1229000884173,73.50133521450125,,,,,,,38.93439871050173,39.035089837998754,0.1079120012041292,0.05716207560404681,669.2307692307692,79.83230769230781,0.11928965517241398,107.69230769230762,13.793103448275861,44.827586206896555,13.384615384615385,101.5625,,,0.015079931936599992,0.004143344616923792,0.00036819844971740055,3.6395553184267886,0.769719070876756,0.2114871195884089,-5.486251938819077,2021-12-24 14:57:49
680.1318681318683,72.7856089641399,,,,,,,38.75221722599401,38.84948700056063,0.10701690712429279,0.0569775054541048,669.2307692307692,79.83230769230747,0.11928965517241347,107.69230769230762,13.714285714285715,44.57142857142857,13.461538461538462,101.5625,,,0.01489220813270313,0.004227509873384768,0.0003849883679242517,3.522690325683294,0.76351870400599,0.21674306663839113,-5.4661421416804234,2021-12-24 14:57:50
678.945054945055,71.87671042514408,,,,,,,38.57630974844622,38.67747806823692,0.10586528306176536,0.05681801416400049,669.2307692307692,79.83230769230747,0.11928965517241347,107.69230769230762,13.142857142857142,44.57142857142857,13.461538461538462,101.5625,,,0.015022904834936264,0.004468461930212145,0.00041706910481316466,3.361985638361036,0.7545999561725117,0.2244506780642818,-5.410711016769106,2021-12-24 14:57:51
677.4912587412587,71.67136366413492,,,,,,,38.5186389326519,38.61215928622743,0.10578935556644133,0.05685481315909139,665.3846153846154,74.13,0.1114092485549133,107.69230769230762,13.068181818181818,44.88636363636363,13.538461538461538,101.5625,,,0.01526622995940307,0.004724508480270503,0.00044719061949545383,3.231284275000179,0.7469558151027151,0.23116375766804786,-5.354991748787018,2021-12-24 14:57:52
675.6627553237722,71.78712841404217,,,,,,,38.34334987749329,38.439529167218,0.10624698172040332,0.0567492429845707,661.5384615384615,79.83230769230764,0.12067674418604643,107.69230769230762,12.994350282485875,44.632768361581924,13.615384615384615,101.5625,,,0.01585193435541375,0.005102122181515989,0.0004865670502264992,3.106929585661878,0.7393411059606341,0.23796519540468763,-5.278098711780545,2021-12-24 14:57:53
674.4318181818181,71.97853482212767,,,,,,,38.36911973335362,38.47275319636192,0.1067247020109054,0.05689102841676696,661.5384615384615,79.83230769230764,0.12067674418604643,99.99999999999989,13.068181818181818,44.31818181818182,13.538461538461538,101.5625,,,0.016556697128727732,0.005581775577252942,0.0005328449233187147,2.9662061649701923,0.7302926719764449,0.2462042863375222,-5.1882483493962415,2021-12-24 14:57:54
673.5332464146024,72.04746712908282,,,,,,,38.19399956815694,38.301740968970726,0.1069694295160792,0.056706925413814106,661.5384615384615,79.83230769230764,0.12067674418604643,99.99999999999989,12.429378531073446,44.632768361581924,13.615384615384615,101.5625,,,0.0173789275788935,0.0060543657629818035,0.0005745302161204298,2.8704786362848185,0.7238860089466752,0.2521830330998669,-5.106975653461377,2021-12-24 14:57:55
672.8813559322034,72.44884580594515,,,,,,,37.90683917394361,38.00852088719418,0.10766956933377239,0.05633510103936204,661.5384615384615,79.83230769230781,0.12067674418604668,107.69230769230774,11.864406779661017,44.06779661016949,14.75,70.3125,,,0.018219195378732397,0.006570356424724816,0.00061451012286871,2.7729386658799813,0.7171764669590914,0.25863408945307426,-5.025187197618481,2021-12-24 14:57:56
672.3163841807909,72.44509656660658,,,,,,,34.56678795430976,34.62104515822042,0.10775447136377618,0.05141446611691452,661.5384615384615,79.83230769230764,0.12067674418604643,107.69230769230774,11.299435028248588,44.06779661016949,14.75,70.3125,,,0.018963966055334985,0.00698774453031662,0.0006430690062404433,2.7138894350042464,0.71307099913385,0.2627487287936379,-4.963597445719095,2021-12-24 14:57:57
670.5704407951599,69.63185070281297,,,,,,,33.72385156943918,33.805927783987684,0.1038397258015784,0.050291288607129114,661.5384615384615,79.83230769230764,0.12067674418604643,107.69230769230774,10.674157303370785,43.82022471910113,13.692307692307692,101.5625,,,0.020720440424708077,0.007762426814058747,0.0007005693369187618,2.669325060454124,0.7100068688268015,0.26598741357712735,-4.858460259907565,2021-12-24 14:57:58
668.8418323249784,67.73591337757183,,,,,,,33.95600678550759,34.037579002797,0.10127344030219113,0.0507683657696353,661.5384615384615,79.83230769230764,0.12067674418604643,107.69230769230774,10.674157303370785,44.9438202247191,13.692307692307692,101.5625,,,0.022217408243803766,0.008452193249674013,0.0007422860794953804,2.6285968135738798,0.7072930014851978,0.26907626070030555,-4.773329315117492,2021-12-24 14:57:59
667.8478824546239,66.750809044865,,,,,,,33.93631072423004,34.01513822324477,0.09994912134710601,0.05081443187256913,661.5384615384615,79.83230769230764,0.12067674418604643,105.76923076923083,10.674157303370785,44.9438202247191,13.692307692307692,101.5625,,,0.023289882807487807,0.008941802537739317,0.0007674876513831314,2.604607148188714,0.7057717116086575,0.270970503977716,-4.717018083975196,2021-12-24 14:58:00
666.5663944993554,65.38976323134507,,,,,,,33.68331220217979,33.766066560941496,0.09809939980616336,0.05053256881856255,661.5384615384615,79.83230769230764,0.12067674418604643,100.00000000000011,10.614525139664805,44.134078212290504,13.76923076923077,101.5625,,,0.02418760273942533,0.009357881779008054,0.000784169955943883,2.5847305309716404,0.7045687790851001,0.2725888716996126,-4.671536319765159,2021-12-24 14:58:01
665.7069187795445,64.73554430778601,,,,,,,32.97011962337296,33.061306610562866,0.09724331005372026,0.049526478835187446,661.5384615384615,68.42769230769235,0.10343720930232565,100.00000000000011,10.05586592178771,43.575418994413404,13.76923076923077,101.5625,,,0.0246672412236919,0.00960630371909974,0.0007854444302989454,2.567818168672644,0.7035924784136864,0.27400401126431295,-4.645335758594137,2021-12-24 14:58:02
665.0623119896862,64.76121481167078,,,,,,,32.93481159865491,33.02768832018431,0.09737616106665671,0.04952139221379554,653.8461538461538,68.42769230769235,0.1046541176470589,100.00000000000011,10.05586592178771,43.575418994413404,13.76923076923077,101.5625,,,0.024873749460017927,0.009754145248728151,0.0007731950800812494,2.550069619197154,0.7026266594727302,0.2755323439733932,-4.630062930608906,2021-12-24 14:58:03
664.8474430597336,64.86236366329388,,,,,,,32.995316508688674,33.08700168404986,0.09755977005008393,0.04962840250515063,653.8461538461538,68.42769230769235,0.1046541176470589,100.00000000000011,10.05586592178771,44.134078212290504,13.76923076923077,101.5625,,,0.02488350603257948,0.009807614485965553,0.0007587805786209435,2.5371619233389673,0.7019344275284531,0.27666126512126205,-4.62459620664097,2021-12-24 14:58:04
663.6441770519982,64.41934957980774,,,,,,,31.763327629761196,31.846294275526034,0.09706910993473589,0.047861984973421166,653.8461538461538,68.42769230769235,0.1046541176470589,100.00000000000011,9.497206703910614,43.575418994413404,13.76923076923077,101.5625,,,0.0245170828763499,0.00973509741441967,0.0007310978602555707,2.518421935874528,0.7008229123213675,0.2782785927720269,-4.6320176335907135,2021-12-24 14:58:05
662.7350427350428,64.0847418284324,,,,,,,30.677775558096652,30.738433571726986,0.0966973793387489,0.04628965360197714,653.8461538461538,68.42769230769235,0.1046541176470589,100.00000000000011,8.88888888888889,42.77777777777778,13.846153846153847,101.5625,,,0.024040569340400688,0.009614806346781288,0.0007049808003894756,2.5003695834652624,0.6996600675285904,0.27982265988011723,-4.644451040884597,2021-12-24 14:58:06
661.5384615384617,62.48731318130022,,,,,,,30.67777555809666,30.741816732664937,0.09445756643684916,0.04637338165758796,653.8461538461538,68.42769230769235,0.1046541176470589,100.00000000000011,8.88888888888889,42.77777777777778,13.846153846153847,101.5625,,,0.02325206622701406,0.00938256270440942,0.0006721127223824903,2.478221245042843,0.6981189114413731,0.2817016086993089,-4.668902343853591,2021-12-24 14:58:07
659.8810029749255,61.05740577382898,,,,,,,30.662207033593337,30.713194449692317,0.09252790351376287,0.04646626724418441,646.1538461538462,68.42769230769218,0.1058999999999998,92.30769230769238,8.83977900552486,43.0939226519337,13.923076923076923,46.875,,,0.022302499816556548,0.009091817850769015,0.0006369192785399571,2.453029766172684,0.6962734487665573,0.283842233946028,-4.700380407203851,2021-12-24 14:58:08
657.6923076923076,58.64208882703011,,,,,,,30.172555871693817,30.244913477806456,0.08916340991244345,0.045876400740587096,646.1538461538462,62.725384615384634,0.09707500000000002,92.30769230769238,8.333333333333332,42.22222222222222,12.857142857142858,46.875,,,0.020931934156519564,0.008652654153916924,0.0005902589747642815,2.4191344972506497,0.693688155525003,0.2867505532715856,-4.749889166500573,2021-12-24 14:58:09
656.9060773480663,58.08515568531159,,,,,,,30.18134974536981,30.254583208367688,0.08842231437377121,0.04594469557537372,646.1538461538462,57.02307692307708,0.08825000000000023,92.30769230769238,8.287292817679557,41.988950276243095,12.928571428571429,46.875,,,0.020190190993357036,0.00844208839498044,0.0005651796496486997,2.3916109437283164,0.6915050712834087,0.2891377768180855,-4.77452556081898,2021-12-24 14:58:10
656.438589035274,57.450896590480276,,,,,,,30.39299895161461,30.476692718337492,0.08751907269027587,0.04629983590130078,646.1538461538462,57.02307692307708,0.08825000000000023,84.61538461538464,8.83977900552486,41.988950276243095,12.928571428571429,46.875,,,0.019305765459253697,0.00818615736225655,0.000537233535626612,2.3583428225147114,0.688774403812479,0.2920586427201606,-4.805310677757265,2021-12-24 14:58:11
655.7161070973227,57.02838453614024,,,,,,,30.76388842510348,30.84300352458624,0.08697115095828502,0.04691647512105028,646.1538461538462,57.02307692307708,0.08825000000000023,84.61538461538464,9.392265193370166,41.988950276243095,12.928571428571429,46.875,,,0.01895040770158046,0.008116280893330531,0.0005259330603113707,2.3348634615582067,0.6867925758694183,0.29414678296052343,-4.813883247793605,2021-12-24 14:58:12
654.9027895181741,56.54856044850803,,,,,,,30.421967282983143,30.50394444368176,0.08634649501204904,0.046452645751234665,646.1538461538462,57.02307692307708,0.08825000000000023,84.61538461538464,8.791208791208792,41.208791208791204,13.0,46.875,,,0.018444639437591007,0.007960907051596227,0.0005110235145088166,2.3169017447443636,0.6852522232609236,0.2957623148307186,-4.833212334412234,2021-12-24 14:58:13
654.4801352493661,56.55491298811433,,,,,,,30.405843988528677,30.488281496762518,0.08641196262827155,0.04645800896148456,646.1538461538462,57.02307692307708,0.08825000000000023,84.61538461538464,8.791208791208792,41.208791208791204,13.0,164.0625,,,0.01827802997271387,0.007929768779910593,0.0005063432478404478,2.304989020489441,0.6842080113370579,0.29683786137591806,-4.837131401401003,2021-12-24 14:58:14
653.9729501267964,56.696896611778484,,,,,,,30.23332716928671,30.316113981191105,0.08669608827213073,0.046230241118420695,642.3076923076924,57.02307692307699,0.08877844311377256,84.61538461538464,8.791208791208792,40.10989010989011,13.0,164.0625,,,0.01752525269770426,0.007615566093984259,0.00048587417484262184,2.3012409690131808,0.6838671193584172,0.2971731898427279,-4.877560956069841,2021-12-24 14:58:15
653.38377469525,56.791613281966335,,,,,,,30.198640112107476,30.279544427995027,0.08691922799652466,0.046218839955419255,638.4615384615385,57.02307692307691,0.08931325301204816,84.61538461538464,8.743169398907105,40.43715846994536,13.071428571428571,164.0625,,,0.017133501755483407,0.007420732174697408,0.00047544946421445645,2.308869442007864,0.6845273064588582,0.2964772689197931,-4.903477550835758,2021-12-24 14:58:16
652.5781910397295,57.036375871575586,,,,,,,30.03261927097373,30.107212080104652,0.08740159670475896,0.04602148782067606,638.4615384615385,57.02307692307691,0.08931325301204816,84.61538461538464,8.241758241758241,40.10989010989011,13.0,164.0625,,,0.01693997421338924,0.0072799156313566905,0.00047002536952862363,2.3269465020204216,0.6861090476161432,0.29485381250510667,-4.922636005940053,2021-12-24 14:58:17
651.5762925598991,57.12190713251429,,,,,,,29.76488486716305,29.844557601728436,0.08766725828543416,0.0456813502993232,638.4615384615385,57.02307692307691,0.08931325301204816,84.61538461538464,8.19672131147541,39.34426229508197,13.071428571428571,164.0625,,,0.01700316361270228,0.0071927551695443025,0.0004703017560988919,2.36392914980582,0.6893299111742553,0.2916034565718177,-4.934680985997999,2021-12-24 14:58:18
651.3102282333051,57.30845466002849,,,,,,,29.93449100957546,30.01677089004901,0.08798948976354797,0.045960419032222935,638.4615384615385,57.02307692307691,0.08931325301204816,84.61538461538464,8.241758241758241,40.10989010989011,13.0,164.0625,,,0.017231380152446286,0.0071763789150075695,0.00047445414898212006,2.4011246279667926,0.6925179847371485,0.2884140109476758,-4.936960352524976,2021-12-24 14:58:19
651.0298444724674,57.19131569780715,,,,,,,29.87391411452056,29.95605523924883,0.0878474561241498,0.04588716533990471,638.4615384615385,57.02307692307691,0.08931325301204816,84.61538461538464,8.19672131147541,39.89071038251366,13.071428571428571,164.0625,,,0.017623165212604503,0.007216801104968347,0.0004822119188867733,2.441963545381898,0.695957711380064,0.2849992223250914,-4.931343484511289,2021-12-24 14:58:20
650.6935687263556,57.22482419619744,,,,,,,29.808544421054567,29.888341166335916,0.0879443519139236,0.04581041807344239,638.4615384615385,57.02307692307691,0.08931325301204816,84.61538461538464,8.19672131147541,39.34426229508197,13.071428571428571,164.0625,,,0.018303660045199243,0.00734358043461694,0.0004960188606851995,2.4924708332896484,0.700129230514232,0.2808976623370062,-4.913928757658566,2021-12-24 14:58:21
650.2732240437158,57.199981964104566,,,,,,,29.808544421054567,29.888341166335916,0.08796299747421123,0.04584003049624358,630.7692307692307,45.618461538461624,0.07232195121951233,80.76923076923083,8.19672131147541,39.34426229508197,12.2,101.5625,,,0.018959723103671722,0.007496884079566156,0.0005093060828532099,2.5290137745825887,0.703099610110853,0.2780133572925671,-4.893267800823497,2021-12-24 14:58:22
648.9701555275326,56.86064390878656,,,,,,,29.369028363854135,29.433909555838518,0.08761673156227943,0.04525482121744218,630.7692307692307,45.618461538461624,0.07232195121951233,76.92307692307702,7.650273224043716,38.79781420765027,12.2,109.375,,,0.019872945687815093,0.0077441766647512005,0.0005278711838584225,2.5661792787178825,0.706091677089778,0.2751529025838586,-4.860814116154543,2021-12-24 14:58:23
648.0351170568562,56.06718991285793,,,,,,,29.005793376611297,29.0823161814593,0.08651875251374502,0.04475960115918601,630.7692307692307,45.618461538461546,0.07232195121951221,76.92307692307702,7.065217391304348,38.58695652173913,11.5,109.375,,,0.020501981722491444,0.007924999241171737,0.0005400058627537907,2.5870010959723646,0.7077706026294143,0.2735872836433367,-4.8377330549699975,2021-12-24 14:58:24
648.0351170568562,56.06718991285793,,,,,,,29.557913589486873,29.639005411522362,0.08651875251374502,0.04561159235278537,630.7692307692307,45.618461538461546,0.07232195121951221,76.92307692307702,7.608695652173914,39.130434782608695,11.5,109.375,,,0.02122658186127595,0.008168959485209291,0.0005554027686743283,2.5984437674968,0.7087116112153603,0.27274464049614383,-4.807413736212462,2021-12-24 14:58:25
647.9192938209333,56.37221939939529,,,,,,,29.82490027656296,29.906695533112934,0.087005001914598,0.04603181377834648,630.7692307692307,45.61846153846146,0.07232195121951207,76.92307692307702,7.650273224043716,39.89071038251366,11.4375,109.375,,,0.022178872908245613,0.008536225623944817,0.0005766638771395287,2.5982060321873455,0.7087767259038358,0.2727946579768116,-4.763436333285986,2021-12-24 14:58:26
647.8678929765887,56.22230946079533,,,,,,,30.47356898314195,30.554265740206098,0.08678051508693452,0.04703670194726433,630.7692307692307,45.61846153846146,0.07232195121951207,76.92307692307702,8.152173913043478,40.76086956521739,11.5,109.375,,,0.022066989708681792,0.008530435500782032,0.0005722006708479668,2.5868538255354947,0.7079645355198294,0.2736778276883412,-4.764114863590493,2021-12-24 14:58:27
647.2408026755853,56.108499966918494,,,,,,,30.558335680913903,30.637997372664223,0.08668875592356869,0.047213240504292764,630.7692307692307,45.61846153846146,0.07232195121951207,71.15384615384619,8.152173913043478,40.76086956521739,11.5,109.375,,,0.021221968593065712,0.008267059114978131,0.0005501812708666533,2.56705175297659,0.7064756135211461,0.27520894843742894,-4.795476442020081,2021-12-24 14:58:28
646.9063545150501,56.06789511785284,,,,,,,31.004773100133875,31.089577215758727,0.08667080594668736,0.04792776092511324,630.7692307692307,45.61846153846146,0.07232195121951207,69.23076923076928,8.695652173913043,41.84782608695652,11.5,109.375,,,0.020175844026181316,0.007959766833885773,0.0005245637547779949,2.534728019957833,0.7039679379947271,0.27772918137640584,-4.8333555717802765,2021-12-24 14:58:29
647.7424749163879,57.53067500838016,,,,,,,32.47678880927486,32.55497587377544,0.08881720318836024,0.05013842702451624,630.7692307692307,45.61846153846146,0.07232195121951207,71.15384615384619,9.239130434782608,42.391304347826086,11.5,109.375,,,0.01967640120999149,0.007854123846482906,0.0005140972800112643,2.50523184948282,0.7016104896657056,0.2800581071211218,-4.846716554363565,2021-12-24 14:58:30
648.5918453131568,59.48501679916315,,,,,,,32.56588853447815,32.6371285755158,0.09171409913493786,0.05021014181693034,630.7692307692307,45.61846153846146,0.07232195121951207,76.92307692307702,9.289617486338798,42.62295081967213,11.4375,109.375,,,0.019286770477582184,0.007798428033093064,0.0005072853780671907,2.473161308373649,0.6989863817751857,0.2826287065904485,-4.853833099816178,2021-12-24 14:58:31
649.7464074387151,61.70107657596664,,,,,,,32.67073861615013,32.74115192665176,0.09496178181144674,0.05028229204827374,630.7692307692307,45.61846153846146,0.07232195121951207,76.92307692307702,9.340659340659341,42.857142857142854,11.375,109.375,,,0.018805338678120297,0.007737165285072309,0.0005007898906691747,2.4305204794322224,0.695379001527763,0.28610291804256094,-4.8617199007022895,2021-12-24 14:58:32
651.2820512820513,63.55187521682245,,,,,,,33.544533251105584,33.634907281335515,0.09757965092346754,0.05150538570051645,630.7692307692307,45.61846153846146,0.07232195121951207,84.61538461538464,9.836065573770492,43.169398907103826,11.4375,101.5625,,,0.018628148911312,0.0077748848813450466,0.0005027879306641435,2.3959388718420933,0.6923464037957874,0.28896663931308225,-4.8568566272843245,2021-12-24 14:58:33
651.702395964691,63.92454344344428,,,,,,,33.50574221962583,33.593654160374065,0.09808855060110548,0.05141264237647694,630.7692307692307,45.61846153846146,0.07232195121951207,84.61538461538464,9.836065573770492,42.62295081967213,11.4375,101.5625,,,0.018059048197424325,0.007643490417510029,0.0004957659092082208,2.362670352284854,0.68932125667836,0.2917551557760659,-4.873900919202256,2021-12-24 14:58:34
652.4936601859679,64.48627546658386,,,,,,,33.52024053048375,33.603469131816226,0.09883050120089222,0.05137251528379618,630.7692307692307,45.618461538461624,0.07232195121951233,84.61538461538464,9.89010989010989,42.30769230769231,12.133333333333333,109.375,,,0.01750806622629492,0.007527815961061102,0.0004937420561416561,2.3257829783377204,0.6857941213433321,0.29486591299824616,-4.88915032425333,2021-12-24 14:58:35
654.2265426880812,65.27779315512505,,,,,,,33.515363795093066,33.59752334670548,0.0997785765262781,0.05122898813824549,630.7692307692307,45.618461538461624,0.07232195121951233,90.38461538461547,9.89010989010989,42.30769230769231,12.133333333333333,101.5625,,,0.017277340613677496,0.00750872177889322,0.0005001841882840478,2.300969608734679,0.6832702733650816,0.2969488474647074,-4.891690030236369,2021-12-24 14:58:36
655.1141166525781,65.84251289987893,,,,,,,33.50072932945316,33.58389812545707,0.10050541001362165,0.051137242318378184,630.7692307692307,45.618461538461624,0.07232195121951233,92.30769230769238,9.89010989010989,42.30769230769231,13.0,109.375,,,0.017018889127379325,0.007460517303383816,0.000507728143774115,2.281194243683368,0.6811060738721979,0.2985743435738461,-4.898130523553491,2021-12-24 14:58:37
656.0135996600085,66.51518745727707,,,,,,,33.593658022059614,33.679485938967396,0.10139300083374769,0.05120878292686336,630.7692307692307,45.618461538461624,0.07232195121951233,92.30769230769238,9.94475138121547,42.5414364640884,12.928571428571429,109.375,,,0.016745207372370424,0.007399070374574166,0.0005215811646725757,2.2631501695014156,0.6788819895699534,0.29997213561816577,-4.906400911721047,2021-12-24 14:58:38
657.1367521367521,67.3552502156725,,,,,,,33.648090243855,33.72527118631876,0.10249807212373913,0.051204091286090075,630.7692307692307,57.02307692307691,0.09040243902439023,92.30769230769238,10.0,42.77777777777778,12.857142857142858,109.375,,,0.016578605087383222,0.007359742758498584,0.0005371795230601422,2.2526065966421522,0.6773543563527268,0.3006980257282496,-4.911730298143116,2021-12-24 14:58:39
659.8385040373992,70.7505554627579,,,,,,,33.987660676163074,34.04353984914381,0.10722404805092704,0.051509059365587855,638.4615384615385,57.02307692307691,0.08931325301204816,100.00000000000011,10.497237569060774,43.646408839779006,12.928571428571429,101.5625,,,0.016389662872215625,0.007307404648940175,0.0005548308980702935,2.242884260500435,0.6758094805156551,0.30131268582038545,-4.918867109447148,2021-12-24 14:58:40
661.3675213675214,71.09394477641521,,,,,,,34.86871916127553,34.94570195143623,0.10749536752184777,0.05272215225987641,638.4615384615385,57.02307692307691,0.08931325301204816,100.00000000000011,11.11111111111111,44.44444444444444,12.857142857142858,101.5625,,,0.01607605691864251,0.0072038807544660384,0.0005771508157904852,2.2315828740885495,0.6738482328270223,0.30195976167913713,-4.933135404489206,2021-12-24 14:58:41
662.9136226901591,70.94366005456502,,,,,,,34.966527822299,35.054450478860396,0.10701795471734266,0.05274673294599362,638.4615384615385,57.02307692307691,0.08931325301204816,100.00000000000011,11.1731843575419,44.6927374301676,12.785714285714286,101.5625,,,0.01570934398007869,0.007074017195903522,0.0005923299575604928,2.2207104598467446,0.6720376261960757,0.30262280398429525,-4.951326757341819,2021-12-24 14:58:42
664.2307692307693,71.18464704608154,,,,,,,34.916088724158804,35.00543683082577,0.10716854795588418,0.05256620190087602,638.4615384615385,57.02307692307691,0.08931325301204816,107.69230769230774,11.11111111111111,45.0,12.857142857142858,101.5625,,,0.01519699068105763,0.006889654051519687,0.0006023831866967023,2.2057697770333693,0.669794701435754,0.3036557615439761,-4.977734405446509,2021-12-24 14:58:43
665.3631284916202,71.43506203778728,,,,,,,35.01403025939247,35.10413455024369,0.10736251977131755,0.05262394136382243,638.4615384615385,57.02307692307691,0.08931325301204816,107.69230769230774,11.1731843575419,45.2513966480447,13.76923076923077,109.375,,,0.014521686687895807,0.006675295597361394,0.000612946630243177,2.1754372485970404,0.6658291617619717,0.30606682044787603,-5.0093417914274445,2021-12-24 14:58:44
666.4217804667243,71.7403655817558,,,,,,,35.11280063969186,35.203671841682116,0.10765009140534526,0.05268855500956292,638.4615384615385,62.725384615384634,0.09824457831325305,107.69230769230774,11.235955056179774,45.50561797752809,13.692307692307692,109.375,,,0.01379812269522841,0.006456215798550798,0.0006119945736204348,2.1371842462771493,0.6612624580782621,0.30940825959677687,-5.042711922527465,2021-12-24 14:58:45
667.4589455488332,72.33042671944547,,,,,,,35.27902162992588,35.362322554182725,0.10836685492314459,0.052855717741436374,638.4615384615385,68.42769230769235,0.1071759036144579,113.46153846153857,11.235955056179774,46.06741573033708,13.692307692307692,109.375,,,0.01290982035011596,0.0061960735682597655,0.0006010219361386047,2.0835485905539084,0.6550908546736736,0.3144111241963014,-5.083839482989327,2021-12-24 14:58:46
669.4036300777874,72.96168803161292,,,,,,,35.42559462198008,35.51315176948482,0.10899505881546308,0.05292112714994313,646.1538461538462,68.42769230769235,0.10590000000000006,115.38461538461547,11.235955056179774,46.62921348314607,14.833333333333334,109.375,,,0.01169592751262718,0.005806161193164104,0.0005705259938382312,2.0143993808503637,0.6471629981060207,0.3212684655576223,-5.1488356505608,2021-12-24 14:58:47
670.5780095610604,72.5819884328926,,,,,,,35.733684119361875,35.83038073780663,0.10823794904995844,0.053287885391219494,646.1538461538462,68.42769230769235,0.10590000000000006,107.69230769230762,11.864406779661017,47.45762711864407,14.75,109.375,,,0.010359168815446216,0.005429223844864786,0.0005340919134190904,1.9080386278868207,0.6346563703983265,0.33262239093199975,-5.21595909358356,2021-12-24 14:58:48
670.8729472774417,72.17851101328026,,,,,,,35.773050783667806,35.874111241339904,0.10758894259516266,0.05332313805295497,646.1538461538462,68.42769230769235,0.10590000000000006,107.69230769230762,11.797752808988763,48.31460674157304,14.833333333333334,109.375,,,0.009361507636949477,0.005170197073059648,0.0005027545003956275,1.8106674667643707,0.6226700612198109,0.34388979348732146,-5.264844472608091,2021-12-24 14:58:49
671.2733594089527,72.198715896208,,,,,,,35.81826100481932,35.92002524115395,0.10755486551675164,0.05335868093492765,646.1538461538462,68.42769230769235,0.10590000000000006,107.69230769230762,11.864406779661017,48.0225988700565,14.75,93.75,,,0.008294818832133458,0.004943681236197455,0.00046652227816261873,1.6778627981511218,0.6052393511241309,0.3607204068122012,-5.309645035784498,2021-12-24 14:58:50
672.490221642764,71.71443396316785,,,,,,,36.05681817122247,36.15009970598679,0.10664011409412512,0.05361686610571468,646.1538461538462,68.42769230769235,0.10590000000000006,107.69230769230762,11.864406779661017,48.58757062146893,14.75,93.75,,,0.007477295084632023,0.004773776594974761,0.0004350256970242066,1.5663269815565293,0.5894086150092084,0.3762998543404307,-5.344617548353445,2021-12-24 14:58:51
673.0551933941764,71.28896777880146,,,,,,,36.18247638889766,36.28306027079729,0.10591845732486742,0.053758557610159186,653.8461538461538,68.42769230769235,0.1046541176470589,107.69230769230762,11.864406779661017,48.58757062146893,14.75,78.125,,,0.006634509587434591,0.004563319680253631,0.00039791383651866105,1.4538778898492253,0.5721504458845437,0.39353404428199856,-5.389704920263723,2021-12-24 14:58:52
672.5336810082572,71.01755807934775,,,,,,,33.81952226255981,33.89379990302939,0.10559702820069738,0.05028673391027472,646.1538461538462,68.42769230769218,0.1058999999999998,107.69230769230762,10.734463276836157,48.0225988700565,13.615384615384615,78.125,,,0.005869464491233941,0.0043678074098908795,0.0003617519177555456,1.3438011204300278,0.5537740636810802,0.41209525372613753,-5.433494132653774,2021-12-24 14:58:53
671.7079530638853,70.00980697602493,,,,,,,33.81952226255981,33.91317947953914,0.10422655658115514,0.050348551194455304,646.1538461538462,68.42769230769218,0.1058999999999998,107.69230769230762,10.734463276836157,48.0225988700565,13.615384615384615,78.125,,,0.0055381873869132245,0.004558821273068711,0.0003510532230849419,1.214828802267404,0.5300683943965663,0.4363317641195417,-5.390691181618941,2021-12-24 14:58:54
671.7514124293785,70.0682502479269,,,,,,,34.41570222210437,34.51386489590848,0.10430681491911742,0.0512327947292891,646.1538461538462,68.42769230769218,0.1058999999999998,107.69230769230762,11.299435028248588,48.58757062146893,13.615384615384615,78.125,,,0.005198528299342208,0.0046275061647428565,0.0003344271788184553,1.1233973795540222,0.5116429235253372,0.4554425111161062,-5.3757371813202415,2021-12-24 14:58:55
672.6640591047371,71.54198641824125,,,,,,,34.381494202922674,34.46844158061896,0.10635618991366656,0.05111242935839583,646.1538461538462,68.42769230769218,0.1058999999999998,107.69230769230762,11.299435028248588,48.58757062146893,13.615384615384615,78.125,,,0.004830165557576877,0.004705637831658524,0.0003123741755990533,1.026463516822429,0.49046288267834165,0.4778181344395393,-5.358993950487043,2021-12-24 14:58:56
673.6201651455889,72.51663948013729,,,,,,,34.357039050669215,34.43763330825254,0.10765212093148122,0.05100357861650959,646.1538461538462,68.42769230769218,0.1058999999999998,107.69230769230762,11.299435028248588,48.0225988700565,13.615384615384615,78.125,,,0.004602547989765387,0.004772196093628282,0.00029541341803485056,0.964450726555557,0.4759537772870274,0.493497245822864,-5.344948683045001,2021-12-24 14:58:57
674.3155149934811,72.50804757915014,,,,,,,35.51189483196036,35.611028014117196,0.10752836908972963,0.052663618205942765,653.8461538461538,68.42769230769235,0.1046541176470589,107.69230769230762,12.429378531073446,48.58757062146893,13.615384615384615,93.75,,,0.004500527865827703,0.004909719193702028,0.00028324968232065734,0.9166568775665993,0.4642832185002208,0.5064961927005108,-5.316538529503209,2021-12-24 14:58:58
675.0874125874126,72.12269360230637,,,,,,,35.684349245363705,35.785766148992764,0.10683459987186131,0.052858857356851065,653.8461538461538,68.42769230769235,0.1046541176470589,109.61538461538453,12.5,49.43181818181818,13.538461538461538,93.75,,,0.004529204554154902,0.005164821022743229,0.00027343112486795927,0.8769334957030654,0.45439922035000074,0.5181683931296232,-5.265884828948347,2021-12-24 14:58:59
675.4370629370629,71.79248723503034,,,,,,,35.6985595130984,35.79966475730409,0.10629041723421083,0.05285253278501951,653.8461538461538,68.42769230769235,0.1046541176470589,109.61538461538453,12.5,49.43181818181818,13.538461538461538,93.75,,,0.004662030600516212,0.005419706009144787,0.0002688311115601292,0.8601999061664722,0.45041303299315055,0.5236143712226624,-5.21771370685693,2021-12-24 14:59:00
676.2674825174826,71.24000507590694,,,,,,,35.72223073081328,35.82299794029553,0.10534294035654046,0.05282263550190705,653.8461538461538,68.42769230769235,0.1046541176470589,103.84615384615381,12.5,50.0,13.538461538461538,78.125,,,0.004889038082382011,0.00571505001714675,0.00026693482607348406,0.8554672431061019,0.4497311905090259,0.5257140985037654,-5.1646522298669675,2021-12-24 14:59:01
677.010989010989,71.13975089882159,,,,,,,35.80574370197164,35.90809404282708,0.10507916718271597,0.05288798008179814,661.5384615384615,68.42769230769235,0.10343720930232565,103.84615384615381,12.571428571428573,50.28571428571429,13.461538461538462,78.125,,,0.005294056942073649,0.006127021230313708,0.0002677845171890442,0.8640506933256684,0.4529146318738648,0.5241759949646349,-5.095046580202398,2021-12-24 14:59:02
677.36013986014,70.88722084299985,,,,,,,35.6369407625658,35.73648031223326,0.10465218821059727,0.052611511462608423,661.5384615384615,68.42769230769227,0.10343720930232551,101.9230769230769,12.5,49.43181818181818,13.538461538461538,78.125,,,0.005770125048705551,0.006554624093490516,0.0002740170663285805,0.8803136482587824,0.45799127892391056,0.5202592051478413,-5.027584509941663,2021-12-24 14:59:03
678.5054945054944,70.75777952396497,,,,,,,35.90059352033838,35.99535723385759,0.10428475538806707,0.05291127899635257,661.5384615384615,68.42769230769218,0.10343720930232539,107.69230769230762,12.571428571428573,50.28571428571429,13.461538461538462,78.125,,,0.006281129115471903,0.006959382820183017,0.00028041924038141997,0.902541112877984,0.4645485605757824,0.5147117997699298,-4.967664483828753,2021-12-24 14:59:04
680.3076923076923,70.76865413212197,,,,,,,36.051834183722335,36.15196542885068,0.10402448029371163,0.052993424286339935,661.5384615384615,68.42769230769218,0.10343720930232539,111.53846153846143,12.571428571428573,50.857142857142854,13.461538461538462,78.125,,,0.006747848138190854,0.007208994987520946,0.0002803539575733197,0.936031742270822,0.47395903131193023,0.5063493147808226,-4.932425728868448,2021-12-24 14:59:05
680.7472527472528,70.79418641657287,,,,,,,36.06598047980676,36.167866134719674,0.10399481765203285,0.05297998682221242,669.2307692307692,79.83230769230747,0.11928965517241347,111.53846153846143,12.571428571428573,50.857142857142854,13.461538461538462,78.125,,,0.0073198093784803695,0.007576529700008942,0.0002888505464209858,0.9661163709912904,0.4820360864294186,0.4989420538799297,-4.8827000073787215,2021-12-24 14:59:06
681.1229000884174,70.94400139231439,,,,,,,36.226760150102876,36.331671575363806,0.10415741620653933,0.053186818627593106,669.2307692307692,79.83230769230747,0.11928965517241347,113.46153846153834,12.643678160919542,51.724137931034484,13.384615384615385,78.125,,,0.007872307970685196,0.007887025599560967,0.0002966050755924061,0.9981339443254006,0.49030506059672607,0.4912217076517761,-4.8425361987796185,2021-12-24 14:59:07
681.2747252747254,70.73951411056447,,,,,,,36.10838611524168,36.212595238456736,0.1038340503268173,0.05300121195701323,669.2307692307692,79.83230769230747,0.11928965517241347,111.53846153846143,12.571428571428573,51.42857142857142,13.461538461538462,78.125,,,0.00855529993111075,0.008228396638717758,0.0003071555760260296,1.0397286745822127,0.5005777276697041,0.48145034363974604,-4.80016410238371,2021-12-24 14:59:08
681.7418213969937,71.2028742214716,,,,,,,36.67714897826887,36.78034323790048,0.10444257926786123,0.0537991770889334,669.2307692307692,79.83230769230747,0.11928965517241347,115.38461538461536,13.218390804597702,52.29885057471264,13.384615384615385,78.125,,,0.008988247826277222,0.008374873494412571,0.0003129353967520957,1.0732398324910666,0.5084984716872993,0.4737976138166973,-4.782519306529858,2021-12-24 14:59:09
682.449160035367,71.76384875292223,,,,,,,36.77493625630924,36.872949573106865,0.10515632951940797,0.053886704548663275,669.2307692307692,79.83230769230747,0.11928965517241347,115.38461538461536,13.218390804597702,52.87356321839081,13.384615384615385,78.125,,,0.009106890802539808,0.008232652412446454,0.00030951524072108657,1.1061915827724789,0.5159986763823553,0.46646411382836006,-4.799647030378118,2021-12-24 14:59:10
684.1290893015031,73.13085603741355,,,,,,,37.47968632690949,37.57681398011796,0.10689628197520482,0.05478452372954395,673.0769230769231,85.53461538461528,0.12707999999999983,115.38461538461536,13.793103448275861,53.44827586206896,13.384615384615385,78.125,,,0.008897580704867226,0.007764758215409942,0.0002962163450725104,1.1458928221627152,0.5246661974234963,0.4578667282628239,-4.858159960611293,2021-12-24 14:59:11
685.1900972590627,74.57516973710658,,,,,,,37.356284793117226,37.45612160510373,0.10883865665225828,0.054519592362107995,673.0769230769231,85.53461538461528,0.12707999999999983,121.15384615384619,13.793103448275861,53.44827586206896,13.384615384615385,78.125,,,0.008507101270878715,0.007233209047447576,0.0002806441161635027,1.1761171583836174,0.5309984062225838,0.4514842781074252,-4.929072489631971,2021-12-24 14:59:12
686.0300618921308,75.98835142612643,,,,,,,37.31964301402673,37.41511337321876,0.11076533762462817,0.054399428082052115,673.0769230769231,85.53461538461528,0.12707999999999983,123.0769230769231,13.793103448275861,52.87356321839081,13.384615384615385,78.125,,,0.008139952559356591,0.006755330428363042,0.0002677240569930273,1.2049673432967916,0.5368297024035871,0.4455139015924038,-4.997423392650409,2021-12-24 14:59:13
686.4384170742552,77.06892085876511,,,,,,,37.38198714231405,37.48587269847014,0.11227361252193467,0.05445788902906096,669.2307692307692,79.83230769230747,0.11928965517241347,123.0769230769231,13.872832369942195,53.179190751445084,13.307692307692308,78.125,,,0.00757968546178925,0.006117678082754841,0.00025012811474827356,1.2389807634951684,0.5434443444703096,0.43862210010206415,-5.0965726526902975,2021-12-24 14:59:14
686.8830591373945,77.63526598926092,,,,,,,37.41418326147766,37.51889124428999,0.11302544873760213,0.05446950942197258,669.2307692307692,79.83230769230747,0.11928965517241347,123.0769230769231,13.872832369942195,53.179190751445084,13.307692307692308,78.125,,,0.0071447862438555896,0.005650878533193399,0.00023751165147437148,1.2643673372002142,0.5481999175748964,0.4335764626669475,-5.175944253310908,2021-12-24 14:59:15
688.3289124668435,78.91907564083685,,,,,,,37.44773238354626,37.54584309147592,0.1146531464994046,0.05440383471520979,673.0769230769231,85.53461538461528,0.12707999999999983,128.8461538461538,13.793103448275861,52.87356321839081,13.384615384615385,78.125,,,0.006574196383299176,0.005103083365923919,0.00022092668466642228,1.2882792445051328,0.5525367558402728,0.42889517796471144,-5.277910340383946,2021-12-24 14:59:16
688.7505558025789,79.85685767168974,,,,,,,37.15120343790422,37.25276239606366,0.11594452737484198,0.05393999776103718,669.2307692307692,79.83230769230747,0.11928965517241347,130.76923076923072,13.294797687861271,52.02312138728323,13.307692307692308,78.125,,,0.00598905894372989,0.004553939775293328,0.00020444213321144238,1.3151379331414463,0.5572544223385621,0.4237231763268044,-5.391762536001305,2021-12-24 14:59:17
689.195197865718,80.26222226226764,,,,,,,36.94226543734587,37.05009914593473,0.11645789539860642,0.05360203546360701,669.2307692307692,79.83230769230747,0.11928965517241347,130.76923076923072,12.716763005780345,52.02312138728323,13.307692307692308,78.125,,,0.005537934707170372,0.0041531839687350604,0.000191591522262288,1.3334190704913722,0.560365992336507,0.4202474711344942,-5.483880017521463,2021-12-24 14:59:18
688.953488372093,80.53657667100374,,,,,,,36.93319699368578,37.03891710051127,0.11689697204567631,0.05360767833682662,669.2307692307692,79.83230769230747,0.11928965517241347,130.76923076923072,12.790697674418606,51.74418604651163,13.23076923076923,78.125,,,0.005179826721964461,0.0038328109495670538,0.0001820002941837425,1.3514433114812414,0.5633529826056091,0.41685284008557444,-5.564156815593177,2021-12-24 14:59:19
689.4901610017889,81.17345120455137,,,,,,,36.83468952965085,36.93490544658577,0.11772967301898998,0.0534230821744174,669.2307692307692,79.83230769230747,0.11928965517241347,130.76923076923072,12.790697674418606,51.162790697674424,13.23076923076923,78.125,,,0.004958541566018439,0.0036462265043104777,0.0001754005184435328,1.359910460898843,0.5647433208012798,0.41527978277923416,-5.614062480598654,2021-12-24 14:59:20
689.9373881932021,81.4431508339545,,,,,,,37.05946470216767,37.16608529563468,0.11804426347619258,0.05371424325795483,669.2307692307692,79.83230769230747,0.11928965517241347,130.76923076923072,13.372093023255813,51.74418604651163,13.23076923076923,78.125,,,0.004649849687404509,0.0033946221708298866,0.00016516063092274523,1.3697694333586927,0.5663895056868612,0.4134925863384662,-5.685562814052761,2021-12-24 14:59:21
690.7871198568873,82.21828287902198,,,,,,,37.11078393261015,37.21966387692706,0.11902115791628456,0.05372246074926602,669.2307692307692,79.83230769230764,0.11928965517241372,130.76923076923072,13.372093023255813,51.74418604651163,13.23076923076923,78.125,,,0.004394335086198192,0.003198690611300035,0.00015512031565696093,1.3737918480375364,0.5671466540172669,0.4128330320400698,-5.7450137368837995,2021-12-24 14:59:22
690.2504472271914,81.8521911414096,,,,,,,36.905078834304376,37.013464027537154,0.11858332214085258,0.05346621502753958,669.2307692307692,79.83230769230747,0.11928965517241347,130.76923076923072,13.372093023255813,51.74418604651163,13.23076923076923,78.125,,,0.004411858680991026,0.003215958821199271,0.00015370170313224084,1.3718641706195072,0.5669662394424635,0.41328161459777213,-5.7396297321008545,2021-12-24 14:59:23
689.8621609604269,81.67250780604799,,,,,,,36.81633347983722,36.92371768162176,0.11838960364537668,0.05336766612707309,669.2307692307692,79.83230769230747,0.11928965517241347,130.76923076923072,13.294797687861271,51.445086705202314,13.307692307692308,78.125,,,0.004462366768523051,0.00326685040929874,0.00015223217414047288,1.3659538116044132,0.5661860616299013,0.4144986871590292,-5.723928935811053,2021-12-24 14:59:24
689.7287683414851,81.72101891392016,,,,,,,36.69465720061053,36.80081110718613,0.11848283363680148,0.053201575582886206,669.2307692307692,79.83230769230747,0.11928965517241347,130.76923076923072,13.294797687861271,50.86705202312138,13.307692307692308,85.9375,,,0.0045578444069141405,0.0033589827492299224,0.00015110710343354029,1.3569121210756645,0.5649332605187547,0.4163373970533297,-5.6961171040514085,2021-12-24 14:59:25
689.3730546909736,81.80993389919593,,,,,,,36.69465720061053,36.79906169701063,0.1186729497802449,0.053229027376272636,669.2307692307692,79.83230769230747,0.11928965517241347,130.76923076923072,13.294797687861271,50.86705202312138,13.307692307692308,85.9375,,,0.004747804497974908,0.0035272975773364907,0.00015204198585643032,1.346017565538102,0.5633942488123266,0.4185638161319957,-5.647223260054926,2021-12-24 14:59:26
688.5509838998211,82.02803471316666,,,,,,,36.49967162293798,36.59340755831983,0.11913138842468217,0.05300939578389798,661.5384615384615,79.83230769230764,0.12067674418604643,130.76923076923072,12.790697674418606,50.0,12.285714285714286,85.9375,,,0.005081401444818683,0.0038134757485169097,0.0001547778984182065,1.3324855800629858,0.5615022222724204,0.4213945956892671,-5.569214235756913,2021-12-24 14:59:27
687.1943085815917,81.61570857687698,,,,,,,36.435926180960095,36.527743857971295,0.11876656654118173,0.05302128630280121,661.5384615384615,68.42769230769235,0.10343720930232565,130.76923076923072,12.716763005780345,50.28901734104046,12.357142857142858,85.9375,,,0.005575536841966306,0.004210691448520327,0.00016269365758197904,1.3241380685648667,0.5604161808756263,0.4232309259736177,-5.470128405220164,2021-12-24 14:59:28
685.6321839080459,81.46644757790885,,,,,,,35.78026145075742,35.879440124924265,0.11881946251933061,0.05218579624838048,653.8461538461538,68.42769230769235,0.1046541176470589,130.76923076923072,12.068965517241379,49.42528735632184,12.428571428571429,85.9375,,,0.00637812064368324,0.004838285388813424,0.00017634390981126902,1.3182605264315457,0.559840308615706,0.4246810834358828,-5.331194879527589,2021-12-24 14:59:29
684.2175066312998,82.0741617965089,,,,,,,35.756355347032404,35.854712772102566,0.11995332040040262,0.0522587554403226,653.8461538461538,68.42769230769235,0.1046541176470589,136.53846153846143,12.068965517241379,48.85057471264368,12.428571428571429,85.9375,,,0.00712258279246557,0.005407685768192725,0.0001891385418899641,1.3171221660769634,0.5599775787535414,0.4251523459068566,-5.2199340469235835,2021-12-24 14:59:30
683.5985853227234,82.41813414182063,,,,,,,35.71328403405244,35.81359213675083,0.12056510342675951,0.05224306310872833,653.8461538461538,68.42769230769235,0.1046541176470589,138.46153846153834,12.068965517241379,48.275862068965516,12.428571428571429,85.9375,,,0.008135000035977981,0.006164546072920727,0.00020668681137798515,1.3196429939445102,0.5607934245014737,0.42495843730069816,-5.088940774773185,2021-12-24 14:59:31
682.581786030062,83.03804707801285,,,,,,,35.694124545530755,35.7943752295197,0.12165289021403178,0.05229281717745503,650.0,68.42769230769235,0.10527337278106516,138.46153846153834,12.068965517241379,48.275862068965516,12.428571428571429,93.75,,,0.009079247887645065,0.006850272608877545,0.00022414914304779115,1.32538490159923,0.5620548203737143,0.4240691286701171,-4.983466830583449,2021-12-24 14:59:32
682.2281167108754,83.19319256089183,,,,,,,35.0413492744877,35.13174726723897,0.1219433654566727,0.05136309749798547,646.1538461538462,68.42769230769227,0.10589999999999994,138.46153846153834,11.494252873563218,48.275862068965516,12.428571428571429,93.75,,,0.00998703825992269,0.0074837244577470145,0.0002414811761030542,1.3345010651192923,0.5638494094717111,0.4225170171904719,-4.895024688759164,2021-12-24 14:59:33
681.3186813186812,82.81349896841252,,,,,,,34.88206537266671,34.98172387671054,0.12154884526008936,0.05119787014375276,646.1538461538462,68.42769230769218,0.1058999999999998,134.61538461538453,10.857142857142858,48.0,12.5,85.9375,,,0.011086774688176048,0.008224540357557724,0.00026442516688714163,1.3480114640070007,0.5663527696913426,0.4201394311646606,-4.800632867471855,2021-12-24 14:59:34
680.8351648351647,82.66323207883431,,,,,,,35.03284959731335,35.13392673816008,0.1214144573435006,0.05145569942145257,646.1538461538462,68.42769230769218,0.1058999999999998,126.9230769230769,11.428571428571429,47.42857142857143,12.5,101.5625,,,0.012255121508488998,0.008944389461264867,0.0002905623615949313,1.3701462309486627,0.5702689478779839,0.4162102810611249,-4.716728819100512,2021-12-24 14:59:35
