HRV_MeanNN,HRV_SDNN,HRV_SDANN1,HRV_SDNNI1,HRV_SDANN2,HRV_SDNNI2,HRV_SDANN5,HRV_SDNNI5,HRV_RMSSD,HRV_SDSD,HRV_CVNN,HRV_CVSD,HRV_MedianNN,HRV_MadNN,HRV_MCVNN,HRV_IQRNN,HRV_pNN50,HRV_pNN20,HRV_HTI,HRV_TINN,HRV_ULF,HRV_VLF,HRV_LF,HRV_HF,HRV_VHF,HRV_LFHF,HRV_LFn,HRV_HFn,HRV_LnHF,Time,zcr_mean,energy_mean,energy_entropy_mean,spectral_centroid_mean,spectral_spread_mean,spectral_entropy_mean,spectral_flux_mean,spectral_rolloff_mean,mfcc_1_mean,mfcc_2_mean,mfcc_3_mean,mfcc_4_mean,mfcc_5_mean,mfcc_6_mean,mfcc_7_mean,mfcc_8_mean,mfcc_9_mean,mfcc_10_mean,mfcc_11_mean,mfcc_12_mean,mfcc_13_mean,chroma_1_mean,chroma_2_mean,chroma_3_mean,chroma_4_mean,chroma_5_mean,chroma_6_mean,chroma_7_mean,chroma_8_mean,chroma_9_mean,chroma_10_mean,chroma_11_mean,chroma_12_mean,chroma_std_mean,delta zcr_mean,delta energy_mean,delta energy_entropy_mean,delta spectral_centroid_mean,delta spectral_spread_mean,delta spectral_entropy_mean,delta spectral_flux_mean,delta spectral_rolloff_mean,delta mfcc_1_mean,delta mfcc_2_mean,delta mfcc_3_mean,delta mfcc_4_mean,delta mfcc_5_mean,delta mfcc_6_mean,delta mfcc_7_mean,delta mfcc_8_mean,delta mfcc_9_mean,delta mfcc_10_mean,delta mfcc_11_mean,delta mfcc_12_mean,delta mfcc_13_mean,delta chroma_1_mean,delta chroma_2_mean,delta chroma_3_mean,delta chroma_4_mean,delta chroma_5_mean,delta chroma_6_mean,delta chroma_7_mean,delta chroma_8_mean,delta chroma_9_mean,delta chroma_10_mean,delta chroma_11_mean,delta chroma_12_mean,delta chroma_std_mean,zcr_std,energy_std,energy_entropy_std,spectral_centroid_std,spectral_spread_std,spectral_entropy_std,spectral_flux_std,spectral_rolloff_std,mfcc_1_std,mfcc_2_std,mfcc_3_std,mfcc_4_std,mfcc_5_std,mfcc_6_std,mfcc_7_std,mfcc_8_std,mfcc_9_std,mfcc_10_std,mfcc_11_std,mfcc_12_std,mfcc_13_std,chroma_1_std,chroma_2_std,chroma_3_std,chroma_4_std,chroma_5_std,chroma_6_std,chroma_7_std,chroma_8_std,chroma_9_std,chroma_10_std,chroma_11_std,chroma_12_std,chroma_std_std,delta zcr_std,delta energy_std,delta energy_entropy_std,delta spectral_centroid_std,delta spectral_spread_std,delta spectral_entropy_std,delta spectral_flux_std,delta spectral_rolloff_std,delta mfcc_1_std,delta mfcc_2_std,delta mfcc_3_std,delta mfcc_4_std,delta mfcc_5_std,delta mfcc_6_std,delta mfcc_7_std,delta mfcc_8_std,delta mfcc_9_std,delta mfcc_10_std,delta mfcc_11_std,delta mfcc_12_std,delta mfcc_13_std,delta chroma_1_std,delta chroma_2_std,delta chroma_3_std,delta chroma_4_std,delta chroma_5_std,delta chroma_6_std,delta chroma_7_std,delta chroma_8_std,delta chroma_9_std,delta chroma_10_std,delta chroma_11_std,delta chroma_12_std,delta chroma_std_std
791.1794871794873,107.02049716203246,,,,,,,67.95707828548048,68.18625682598122,0.1352670271363516,0.08589337740257125,780.7692307692308,131.15307692307692,0.16797931034482755,175.0,38.0,65.33333333333333,18.75,101.5625,,,0.009464522254269131,0.004418269392466148,0.00029786236797445985,2.1421333589137066,0.6674249470053698,0.3115702130439846,-5.422007199730425,2021-12-24 14:28:10,0.10859800362976406,0.001839911375376384,3.0785168784773096,0.15886150933767154,0.1458803419614168,0.919784537245972,0.005003116993877722,0.16420145190562613,-28.15200627235704,0.2956002963912968,-0.3955877995334947,-0.049562410780937816,-0.35833619406589456,0.14004457729699482,-0.2469424671838445,0.15679242607883365,0.003097712459214761,-0.2682711478408659,0.0960723268567089,0.07131107294836521,0.08323897797749419,0.004858517310700815,0.008146523323414784,0.010476132468147768,0.007401691692734034,0.008442737706444806,0.004322999039784535,0.007595591124453438,0.0030362753273825765,0.0046338769703487106,0.008030254933092094,0.010619284426504838,0.0028781675550128,0.006251618832111679,0.011116152450090743,0.0004698786183309568,0.00488177283176301,0.008694347501757422,1.0697428072634077e-05,0.07090118984531024,-0.0009075475283859892,0.013157894736842108,0.008148700372841055,-0.054755358739601113,0.035632206274829256,-0.020132292253651568,-0.017937352200783758,0.011135112579428593,0.012683215566941805,-0.0002862628104283338,0.01109844843627285,0.01908614854915301,0.00033331970655441914,-0.00419926276865451,0.0061854945785759065,-0.0010428879813544868,-0.0005864166182884586,-0.0008328547970257137,-0.0015674126854070662,-0.0005572055166339712,5.976583371403639e-05,-0.00016704577468070494,-0.00019068909606253931,0.00013335664702623622,-6.269150165245352e-05,-1.0694035122595568e-05,0.00014432271138893157,-0.0003909599613617181,0.05958289689886127,0.003167787409301307,0.1530078732555797,0.04734004797581492,0.018918063048863416,0.5424873637391467,0.002592016596663075,0.08831106456362414,1.2522008023440978,0.5782396293580434,0.7403806955428458,0.40859832226716425,0.3348556959831089,0.3527290011393677,0.2792675765496043,0.3854558771761996,0.26018568668311004,0.2121609731287327,0.1666366356902276,0.2795816598661125,0.2485388424708486,0.0037473796061977148,0.008667051127922484,0.0076299909335919855,0.0071861122850109295,0.00904692615477219,0.004350405997565092,0.010379686579833378,0.0029796821956757265,0.0039229617923459935,0.010543731491315328,0.010404424839173872,0.0025220382247529986,0.003670521997506228,0.04134847869900854,0.0022867908949372705,0.21096040548037093,0.04151197896419773,0.02009054012272609,0.6215378722481367,0.004507675514169285,0.09532602010222918,1.1681855991317425,0.6240750440710995,0.6676227978594546,0.3898708461800321,0.3914866064352864,0.35508405135528776,0.2837362906177744,0.2877979174965287,0.3282611520483067,0.19886720537741065,0.20091527476672602,0.3157761839198244,0.28926087216541724,0.004699692426325818,0.0100628710094788,0.01019244585990296,0.011483269320081086,0.011845140052908924,0.006127295934444339,0.00892192560261819,0.0038785611429489,0.005071381898979312,0.014887808527524587,0.015842616414393097,0.002888578671421612,0.0044382483838279075
791.1794871794873,107.02049716203246,,,,,,,67.95707828548048,68.18625682598122,0.1352670271363516,0.08589337740257125,780.7692307692308,131.15307692307692,0.16797931034482755,175.0,38.0,65.33333333333333,18.75,101.5625,,,0.009692275690679512,0.004392916660226773,0.000313906374747139,2.2063418089473097,0.6731168301118571,0.3050827516308611,-5.427761885207198,2021-12-24 14:28:11,0.06456442831215971,0.008769643125693595,2.810312119732414,0.10893348104898974,0.13295823004526755,0.4064825695664463,0.007016547567659295,0.09342105263157896,-26.59812487136937,1.434125203731298,-1.0569342074939745,-0.2234544934935203,-0.5108871041349028,-0.0912021851554533,0.2411517685654361,-0.1475183680274334,-0.1033977414435092,-0.03572724884671414,-0.10817168504394932,0.17737331681658586,-0.1276423381065282,0.01031110528552702,0.011906308854653208,0.01192786139651184,0.006658347633178008,0.012894351506704295,0.01927280102394784,0.0150778671516479,0.0067974983432908965,0.009481485172295351,0.007497024883076714,0.012305905520183331,0.012996617682815109,0.011365838193864592,-0.008983666061705992,-0.0005976130503629997,-0.05997680559938132,-0.006490542441977889,0.00052875955960923,-0.05480351599905437,9.498217621991491e-05,-0.011660617059891106,-0.10051861446536883,-0.004080823026432423,0.029262490996606508,0.04567078753358119,-0.05429548058459397,0.009688746482509577,0.012281587804332495,-0.011964008816959354,-0.008078973209284784,0.00395554879018723,-0.021289014278720767,-0.02686872648067199,-0.0035974937006759107,0.00018329498767708747,0.00017300530133096731,0.0002712021683895056,0.00011501517867612387,0.00016504412901808039,0.00026213448112293427,0.00020906127833699486,0.0007968827859465265,0.00014546083672207786,0.0002578512989189337,0.00012572104439351873,-0.00015656803476517836,8.076008351496096e-05,0.04073669895038992,0.012721373749931174,0.4073832731420437,0.03870379140687462,0.03299464927461894,0.4581244978684912,0.003012085275269545,0.0736797821481369,2.504875570041201,1.15200619942365,0.6120034755353374,0.7096028593719258,0.4518985965744489,0.3589381899669107,0.29275088632127577,0.267165525768078,0.27232726440824656,0.359898870319369,0.22474121283097565,0.17051090552005815,0.1814013075722362,0.005881919504151182,0.013844550614643646,0.006966890751428238,0.0055362486720743394,0.011175045289004398,0.021242156866614428,0.01906736161898717,0.009303931309080358,0.011406954415077771,0.005938489840321502,0.01269566862807778,0.021771285924926945,0.006708419987288005,0.055072699198082366,0.008655687229126383,0.4139076822632056,0.054079069022265634,0.049041086058718486,0.6227908579690635,0.00413837759403956,0.09399848342210552,1.468700873047251,0.7591457904128607,0.5435293228077527,0.3678901692480611,0.5538669093781983,0.455237045609139,0.3511127583508333,0.3240339416804849,0.27257117890654753,0.2963903344081669,0.2847624466968734,0.2359376024659381,0.1962031388479144,0.010540582108985421,0.011393551913916026,0.010292685507440884,0.0075039073479091145,0.017412672406811915,0.02660241624394873,0.020322599824876948,0.011881417772370395,0.01434016182656981,0.009662032131701678,0.013446635072309246,0.029540609911798705,0.009218183775629213
791.1794871794873,107.02049716203246,,,,,,,67.91323594744972,68.14197127630035,0.1352670271363516,0.08583796350630472,780.7692307692308,131.15307692307692,0.16797931034482755,175.0,38.0,64.66666666666666,18.75,101.5625,,,0.010159987812211665,0.004416458700205685,0.0003325163491045209,2.3004829212460405,0.6814684499907969,0.2962284326030485,-5.4224171030725135,2021-12-24 14:28:12,0.07515880217785845,0.014515715473882756,2.8166778553916623,0.1318519168313343,0.14667095429098606,0.6461241275542323,0.006303085043204824,0.11506352087114335,-26.66178931070612,0.7071590419183974,0.2917962727525757,-0.049133902171006334,-0.676865341661476,0.17294934553986274,0.022089960643657973,-0.3107796288808847,-0.006878430363472243,-0.12478785839795906,-0.15292054669787716,0.022485572081248115,-0.042418877026270466,0.005908483555239178,0.009393446732810541,0.007715843887641056,0.013043120325865009,0.0189901255390352,0.012512007183086713,0.010866284461819429,0.0032254481020567464,0.010058418981066108,0.011325992734992027,0.016386101669812587,0.007582051487523976,0.011936854269661942,-0.0015426497277676956,0.000854931402360657,0.04085495422957015,-0.0019843851208718013,-0.0015313050519854133,-0.010265940574774758,0.00015786219754773467,-0.00013611615245009214,0.27536097945699023,-0.0022567172880620717,-0.03461462722152918,-0.017565824232935918,0.010403386832832841,0.030054351902799793,-0.02619498427008881,-0.02671550662472172,0.008128621361204328,-0.0006145533370519429,0.0002215064950462337,-0.0005244779134990288,-0.0017775293434488485,5.052981095082019e-05,-0.0001764408175281319,5.843137594092537e-07,3.871967535727339e-05,-9.820677568979017e-05,6.106419869233698e-05,0.0010067611655917052,-1.1588131462027858e-05,0.00018999733290945745,0.00031364264456673304,0.00010700395017433543,0.00031210148138296074,0.0001297883571925143,0.03861779276069234,0.020655362147638686,0.4301392344362593,0.03368503577437085,0.02493163030245121,0.3598197746384383,0.003910898929560649,0.05640868242945725,3.1311662782390046,0.8836466243930629,1.190277570011376,0.5400534155334115,0.30873229634997384,0.4091226612328564,0.3112715494901984,0.31073588056995965,0.31026201196628217,0.260456828501042,0.25323908122721145,0.16089526016984035,0.19912496682034372,0.003806976316499889,0.01307186101133353,0.005995280014061755,0.025304491172862084,0.02854757722512464,0.0224740960789664,0.009466954739528159,0.004841044795745287,0.011228554209046348,0.012545491853073049,0.01994774334521881,0.007070805419140698,0.010024332600672177,0.0589875749088721,0.017301218500722453,0.7001070883839763,0.04813930612625083,0.031745299118876094,0.5328914433611511,0.003627928663935744,0.09275417792177837,2.354148414713072,0.6936588370286157,1.0278737304494046,0.4216096880750931,0.3482602245820431,0.4006909688018257,0.3739493761337913,0.4115659124351152,0.3365222482726029,0.2559325950118101,0.23680655049163826,0.192445504944582,0.2050538561101463,0.0058521642205064395,0.014759775743201385,0.007978084796251325,0.03687914002229871,0.02644201554581893,0.03213436534794148,0.01310813759739528,0.007056354547715187,0.016571792019527833,0.015196453189577332,0.02802733478103297,0.007819294112487005,0.010400138433523644
790.974358974359,106.94388014463706,,,,,,,67.52619596200016,67.75196075461459,0.1352052426621125,0.08537090386793329,780.7692307692308,131.15307692307692,0.16797931034482755,175.0,38.0,64.66666666666666,18.75,101.5625,,,0.01088221025401833,0.004466795708902018,0.00035569408164558167,2.436245345255175,0.692926972380077,0.28442413393610777,-5.411083971058002,2021-12-24 14:28:13,0.04103901996370237,0.008212459798975178,2.9894866303521668,0.0943679624928256,0.135057183944751,0.17295663707843814,0.007954329740039526,0.053448275862068975,-24.98686551187173,1.4114367266909462,-1.232593773276946,-0.2631848792305841,-0.7257682338024879,-0.08767914453751123,0.3237038611429762,-0.16256056229102298,-0.19171749329579613,0.1133975253010121,-0.17591083249932593,-0.04678317425431282,-0.005307121886994347,0.00940384764714809,0.010725835983328023,0.013269700795402227,0.006889591404293137,0.010743999225811207,0.023696901984946717,0.011595965908957536,0.007459957099798198,0.013236360141794226,0.011328125411105668,0.02004837924831545,0.011133250946521579,0.012165855623245484,0.0005217785843920148,-0.0007886467285524713,0.01860213571750013,0.0014073095811636392,0.001542697619067942,0.008646566400133875,-0.00014197569480653042,-0.00031760435571687797,-0.15929410377065115,0.02240047420728517,0.0326596483766071,-0.003027884031996625,0.012551153977678952,-0.032025945256649715,0.0183358603198491,0.00842559973631975,-0.00779231514936026,0.02463800170348829,-0.015106569270160715,-0.013913259250563872,0.005763146228093326,5.898929864765496e-06,0.00012017141821193508,5.463207162316786e-05,-0.00015437448941524497,7.753371614519552e-06,-0.000284197805000289,-0.0009903961022036958,-0.0002951738610498898,8.187596083939573e-05,-0.00030492267376569613,0.00047181919467711574,6.504842146797564e-05,-0.00011008209635194793,0.01851628613136669,0.006344300857571227,0.2114891838789499,0.03063621130105756,0.047865641438909805,0.12284281938301073,0.003007871830830387,0.018856222560695118,1.1667076309462645,1.0195222749368422,0.4690145821311558,0.43066888441718304,0.3709461438097364,0.3267137831067602,0.3149120083340365,0.3876059736942717,0.08717603036222381,0.20405653057507944,0.17423812726848234,0.2455272218572552,0.17037505807710718,0.011766058611804998,0.011059175034640779,0.010682659386834156,0.010540337024614784,0.008168334758768136,0.02076037552683437,0.010380073398124348,0.007307366495547698,0.010355256626148751,0.012811420289732077,0.0211280882254422,0.011992427747976271,0.004963651610892259,0.01437891402827468,0.0072222256280763345,0.2503010612455823,0.03964833455608992,0.0584250091122705,0.12278252538109415,0.003798057526744083,0.014613111302074084,1.4818600081081743,0.7621751969886816,0.3757544610314954,0.4295725100558031,0.4503715270404544,0.3102951773152548,0.29329941873548704,0.26426066981563523,0.1126006289082676,0.1823117831149786,0.23418027219432985,0.2448723070861608,0.21371008686563764,0.016543695956907526,0.014786887072664175,0.01171313623200085,0.014202305409223346,0.009951631306421807,0.025650316498840343,0.01583125399382166,0.008972804856495566,0.009874192735918849,0.016738610310104218,0.026635546343801816,0.018102651600819003,0.006486931502721388
792.7723283427983,107.32499055024044,,,,,,,68.07184283991393,68.28737630094497,0.1353793349152225,0.08586556367603104,784.6153846153846,125.45076923076927,0.1598882352941177,176.92307692307705,38.926174496644286,65.1006711409396,18.625,109.375,,,0.011749500240882092,0.0044026841939947756,0.0003774001618818178,2.668712931285944,0.7108164256702538,0.2663517747964523,-5.425540879969454,2021-12-24 14:28:14,0.05485480943738656,0.0006231194891058746,2.763177373364821,0.11442303874716706,0.15834994073327602,0.2717145352302965,0.008154906820647094,0.06805807622504538,-29.791138701642105,1.671838735888441,-0.8040471015377685,-0.035066951570995764,-0.6330505206090179,0.05163699287414627,0.5037719675203287,-0.10103930898861216,0.03924074159778454,0.1593637524381752,-0.2650186631504461,-0.006865998351152589,0.11010403632329087,0.012811617120414351,0.016282028540214225,0.01578879151875909,0.00995309283194503,0.018573848726871917,0.015252939045309019,0.015341002672948597,0.007329151971259691,0.014501783982765772,0.0066344254119831145,0.018883108601496383,0.010100069289807691,0.012889958569706863,0.00031760435571687835,-7.560133862498866e-05,-0.031604746404444266,0.001447708432459211,0.002383352869184089,-0.010012846096025848,0.00045674641607990985,-0.00013611615245009078,-0.2496909251358605,-0.01681324605842056,-0.002819443899486418,0.032974061962200193,-0.0013657715234785927,0.024414692031387773,0.01828998437292444,-0.005949890470086816,0.013666845154662077,-0.011461204153227484,0.009346135414772338,0.01639101878396083,0.01871771683181912,-0.00026082252040155325,-8.958782389624403e-05,-0.00011819265598959664,-6.394504705787165e-05,-0.00021119349669415963,-2.2078050246790047e-05,9.035987454962596e-05,-0.00022106518799369198,0.0025899969215205237,-7.2073643750179654e-06,-0.00044369303333217225,-0.0005100273152054556,0.0006576244432864734,0.016644123222815475,0.0014032250425618851,0.5153556149515467,0.029935689991318726,0.02912099165671778,0.30881512072108563,0.003856303204759412,0.03645609696297762,2.195154751428833,0.6924382909277277,0.5333025279209097,0.4972052880193379,0.4243625539953259,0.3552114638515521,0.42664340750942376,0.36205258463814094,0.2226026944898276,0.3197634504537506,0.2493277908304489,0.16755383445221014,0.2245538992504356,0.010229798465845907,0.014165284822921259,0.012287694528246436,0.008431243260655561,0.016102122783310642,0.014976655796214941,0.014281304669024338,0.009392629543344385,0.017665286934876838,0.004076612980267318,0.026024378607135627,0.0076493909106139435,0.005665539104395757,0.019401048607897743,0.0017603386427810122,0.7446065670974766,0.03589087164186527,0.038562221563219784,0.35192990480555125,0.0057374507322376115,0.03951410722030912,2.1159631742034457,0.8786068016904184,0.5882118806085278,0.6918505234303266,0.5567409371957129,0.4586560640950244,0.5624684927694238,0.4400255785159763,0.2600537944998759,0.27516562131761163,0.34332918795654577,0.2005116232585656,0.2795374668813211,0.014725965459127731,0.0193282222821973,0.019494821001428304,0.01288023088055046,0.02124231040012617,0.014937687391928953,0.01937935917171065,0.007839037541821409,0.022311363357305183,0.005598589641411295,0.03576555950770477,0.01142076897143335,0.006933736542176606
794.6666666666665,107.29311168843522,,,,,,,67.23150049988077,67.4582515668903,0.13501649960793022,0.0846033982800513,788.4615384615387,125.45076923076927,0.15910829268292687,175.00000000000009,38.66666666666666,65.33333333333333,18.75,101.5625,,,0.011927928859586072,0.0041043163500051865,0.00037334594944870013,2.9061913952054392,0.7270648612386903,0.2501779003400063,-5.495716090749839,2021-12-24 14:28:15,0.0713475499092559,0.00022505922632945483,3.0977652697071334,0.14445326273561127,0.16458099442702748,0.4659939555736218,0.0038371410876773563,0.09537205081669692,-31.262337476285982,1.109597818755342,-0.3088344896842196,0.5239917445318587,-0.5678515953115841,0.2775928962706893,0.2115964883808856,-0.30690756031491817,0.161151023934064,0.14688813063271616,-0.1779076654405785,0.03457219248449653,0.08170684679290402,0.012592820902246402,0.0033792961599695705,0.021963633102719503,0.01080937724816408,0.007872515126044408,0.006496847349299911,0.020655192553712964,0.003566703602012056,0.013152874988311023,0.012314759871817477,0.04039613529153848,0.003032535404531747,0.015447216820679257,0.00036297640653357513,-4.6800991564391936e-06,0.02317862931732697,0.002237555381461638,0.0017196136876586373,0.016816002260154818,-0.0005714629739584246,0.00022686025408348505,-0.16153956130160624,0.08660984435016374,0.07733801976856802,-0.02447856819188185,0.013888779573355372,-0.005811236813507884,-0.02292174095447971,0.01011640816319854,0.0007787748413005487,-0.008749356531716115,0.018141633806164743,0.007902650813566215,-0.02493559429557361,0.0002280530339695804,8.134049695176059e-05,0.0012048611554173008,-2.3790590841331163e-05,0.0008639660456090509,0.0001885631283451468,0.002146215244415175,-0.0002951891010351936,-0.002739334100818661,0.0008457932314025633,0.003947659481889763,6.371177056086656e-06,0.00036926482671719525,0.014784519483689097,0.0003427749540778252,0.15464616488394484,0.034720263023704,0.04045332184129645,0.3670448076738625,0.0013897707716248185,0.06123505841436432,2.610902988448073,0.8480200115331277,0.6322290206290747,0.21331932440687865,0.3435687216718893,0.10432497168233493,0.1931598437510739,0.22371377735826806,0.17057397405526478,0.22118543826285136,0.16036793603917804,0.15193440690392604,0.2080008450275233,0.018835783892971563,0.002632100124224821,0.025272535668129,0.015616845815790032,0.006190223675789757,0.006365351186053625,0.02142270818939076,0.002774615882012797,0.01567683669315026,0.007112183410286325,0.03668699640343983,0.00160346085419078,0.010073682661904134,0.017103277263202682,0.00022254691200893043,0.21934996130353213,0.026557894060461325,0.020944481986847292,0.4229430409371052,0.0026718419897038795,0.06693684698074524,0.9310697447647864,0.3305506336945105,0.47396175916758293,0.2964002526992218,0.3396114188183141,0.13512582635604728,0.19931665317241634,0.2907199765585109,0.18280783735435926,0.17815229708405794,0.16041864131045613,0.202368419029528,0.2181259417132624,0.02229768060158126,0.003243070036445806,0.03095983984512022,0.01937860034644354,0.004279202646224351,0.0063243331227122454,0.01857469321702911,0.0032457897855274536,0.019855917284455092,0.00992958319575463,0.023549601598067998,0.0025435501419618675,0.007065752179467455
794.8205128205127,107.37284524203895,,,,,,,66.67692493518129,66.89937903199176,0.13509068212270206,0.08388928551751954,788.4615384615387,125.45076923076927,0.15910829268292687,175.00000000000009,38.0,65.33333333333333,18.75,101.5625,,,0.012810748192031093,0.004020300597403277,0.0003878409287130093,3.186515008431357,0.7439938580087166,0.23348198770134354,-5.5163986036732995,2021-12-24 14:28:16,0.10176950998185116,9.632694507468496e-05,3.1378249708508994,0.1727006408471583,0.17711185053940315,0.9913629640048376,0.002257203636377375,0.15009074410163342,-31.50444234135652,0.9407488108444346,0.14160576983477213,0.34195044712733386,-0.0315568789632486,-0.0771390627958011,-0.024417027937342482,0.023827091045951067,-0.14534620394301642,-0.08312063649676095,-0.14511893745662865,-0.03802623015205839,0.01932310686442621,0.010729131012525994,0.004667366985225073,0.02964296541932793,0.02824382760865712,0.012740697143656266,0.008752882075575534,0.030393682074656057,0.0029708323791050343,0.005301291158101957,0.007733766364738249,0.02453030671556201,0.005954793683946164,0.013924301889013556,0.001701451905626134,6.47867338604664e-07,0.0042227772460180285,-4.2721919680299714e-06,-0.0017559482132234571,0.03153797100682534,-7.4966148849354815e-06,0.005263157894736843,0.11670443543622168,-0.058471340449631475,-0.007787196664106616,0.0028780173311421325,0.031647959815900815,-0.009255545973961232,-0.02785153412280868,0.017197322040840513,-0.01685334286828205,-0.0068446491200746355,-0.010875739481707235,-0.020014669179756937,-0.0018087250392627007,0.00024900456056789363,-1.888736563768591e-05,-0.00010246671844160709,0.0006956146290953765,-6.19070909120157e-05,-0.00010505289198548891,-0.000329859030397368,9.746396453531068e-05,-0.0001917355504025827,-0.0006182241089165293,-0.00236351279358586,0.0001940715477855844,-0.0005641189242813662,0.016497030599576527,0.00017964195798193772,0.13140808167016627,0.018281884690930568,0.01973850481311466,0.3112288721467138,0.0007555115581681179,0.04947958921529028,1.8993335117230168,0.8193592122822924,0.5246222493887794,0.24046571155031085,0.2260822587039225,0.2358176123958773,0.2590641962978477,0.1892129731021075,0.1207664530105764,0.14729542944995866,0.17802682863603825,0.18369176497618808,0.15824516601550245,0.006146178754601799,0.0043465594906919374,0.018683858137269777,0.02454374766114257,0.008291648429858089,0.004721095126108894,0.023595121320296317,0.0020852065321133287,0.0033344980996322386,0.003732836406952594,0.01596435436373939,0.006190201577654303,0.007325263873947659,0.020523958293228603,0.00017217923851327432,0.2018028915132023,0.013866465977652296,0.0186496750320027,0.3614241626815105,0.0010180497501005284,0.058544083043365475,1.2266603588852591,0.7296116117966455,0.3957421396595181,0.28890962611625176,0.2741830468069272,0.2894078115071533,0.28607165747280505,0.2334504834929437,0.16107309130968395,0.17378768414364476,0.19338991992914592,0.2186386144484508,0.1890081134526752,0.008430253048810277,0.005994101373471426,0.019220506223306615,0.030145684507332626,0.012536362790034521,0.006054421714270915,0.02429072534465589,0.003086695634115617,0.003971199538635354,0.006753813337304766,0.02155631277765051,0.009086027581123972,0.007115248387040098
794.1538461538463,106.73547943859184,,,,,,,66.44722498309775,66.67100895989735,0.13440151420977275,0.08367046927356361,788.4615384615387,119.74846153846164,0.15187609756097573,175.00000000000009,37.333333333333336,64.66666666666666,18.75,101.5625,,,0.01448404533164552,0.004032698192217271,0.0004178344820486784,3.59165120752115,0.7649521065176911,0.21298062153580832,-5.513319600451709,2021-12-24 14:28:17,0.07869782214156079,0.00020955273852231625,3.1304390971243743,0.14723343937092273,0.1607437920468024,0.6880722506661001,0.003860781365249543,0.11547186932849365,-31.1037331873746,0.9214413793950632,-0.3736994895828304,0.18807698696191108,-0.143435357830848,0.08343051858531975,-0.037414160137604666,-0.0951050189382473,-0.14366636464638702,0.030965376186676094,-0.1120193183063101,-0.2576581554165589,-0.03843413471051331,0.013612620124929722,0.004361366742883996,0.01992669991237591,0.0164707894013225,0.008835495148055391,0.005220434097902099,0.02682670799328916,0.005670182103974897,0.008654222486107085,0.0152307545416854,0.02782186294160784,0.004087619457566411,0.014048168445281482,0.00013611615245009078,2.529064276258921e-06,0.005971665469124509,0.00043748501386860764,-0.0009440061934774967,0.025965992562827063,-1.2310984897354547e-05,0.005353901996370234,0.0763745042012065,-0.01596080734010791,-0.019516741257920377,-0.049340785259717926,-0.021754421350377067,-0.004293075545610124,-0.004285032354200738,0.018051869389645918,0.010297841245207755,-0.002908967471943395,-0.0028000812370204877,-0.0009747225115375818,0.01952022758627828,-0.0003455517837373846,4.015325451679545e-05,-0.0006463041531120514,0.0010256191339564132,-0.000325634496424712,-0.00020006018555859635,-0.001865961591314666,-6.118540756094711e-05,0.00014413738525700606,-0.000558015122274645,-0.0014526851677392036,-0.00021329594658566555,-0.00019726892290430206,0.01914973348676997,0.00035168785002061287,0.22280232720029405,0.037596937276590636,0.03788039099324717,0.4681323029053816,0.002613004212648729,0.06067441006670955,2.05101410805073,0.7251365272144588,0.8508407867304619,0.44260619779956256,0.32231320441735795,0.15471762859358934,0.24443013802841945,0.4683019539699573,0.17378419999408093,0.17547474597821475,0.26845374922543663,0.30701200909241755,0.19977192370422173,0.014521431564394638,0.003281645475912459,0.01719905215749679,0.011237230525069834,0.006233177633154527,0.00487014273732455,0.0294681952456526,0.008940719506759297,0.011423922705342326,0.014446241543404724,0.029328871325541263,0.004437993175185606,0.008230578019729906,0.015210197593596937,0.0003090607020874306,0.3365393396287161,0.024391496518332858,0.027448747618628363,0.2819728058932008,0.0030230877939346435,0.04927154038002717,1.3003896455446071,0.509059367224012,0.5937330768969071,0.33044824879976764,0.26602980433739554,0.2066199567735151,0.2880077617584576,0.33416684422443793,0.24253343762843554,0.2140282597522773,0.2862962492813337,0.26320713031437504,0.2157341493801541,0.013043337315198664,0.004186779206452557,0.02211129922161768,0.012907401149862502,0.0058578205819867606,0.006534853881165647,0.027491628947806344,0.011643911416523186,0.014530504751241322,0.015623410575141671,0.024700566989792137,0.006477111517622728,0.008087148761337858
793.4871794871794,106.52713081199695,,,,,,,65.92220312684262,66.12747777654151,0.13425186136068898,0.08307910301644356,784.6153846153846,125.45076923076927,0.1598882352941177,173.0769230769231,37.333333333333336,64.66666666666666,18.75,101.5625,,,0.01547740047152761,0.003920470985253164,0.0004287681068094846,3.9478421163543334,0.7806365986473264,0.1977375425966152,-5.541543483097838,2021-12-24 14:28:18,0.08995009074410164,2.082111500256734e-05,3.119047100785964,0.18426365387805985,0.20238163985238367,0.7572002054907812,0.002715876623414658,0.11061705989110708,-33.44650680797252,1.826966816890166,0.16432479743458306,0.0897678220639322,-0.07145773031826043,0.07774314401091541,0.014306564814278788,0.011061440967914664,-0.032888840684696496,-0.08509340790359253,-0.166558764971051,0.07162564365312869,0.014689982712835375,0.013956879993158106,0.008083882277844333,0.03890289154485295,0.013336076086498278,0.026669917125265903,0.006976555040600493,0.04208613265622988,0.0031100336344602017,0.0064502319729062155,0.01047800461852157,0.038113033624393874,0.006278040625194022,0.01793530717542281,-0.001814882032667876,-3.2746714176890674e-06,0.00019484004141625543,-0.000533931598092284,0.0023290520118589442,-0.057623832796338224,5.501404929372591e-05,-0.011388384754990929,-0.22451363294686053,0.07167881001952425,0.029823883952386988,0.04424148922692163,0.003539659400750461,0.017034317530106376,0.01916665529064234,-0.01166374090658947,0.005499379179144381,-0.008623993215053801,0.003594862562022969,0.01808097640080973,0.003765573477482319,0.0002499514897995662,-0.00011335171734792388,0.0025775420361683664,-0.0010389270832792182,0.00036391543164764723,-1.910464047896393e-05,0.0011159371865240998,-5.697383590083576e-05,-0.0003046072085148081,0.0003291001548355949,0.002725642252493957,2.9268483994387653e-05,0.0006599204524779474,0.026844336576465167,3.7736054162701694e-05,0.13039708289162588,0.0195573932219322,0.01332250750064542,0.4088976614564371,0.0009508580292894387,0.07923830864103949,1.713405208306693,0.5943775198377668,0.43686948898539457,0.3699906053742125,0.1811267247419253,0.2333488489725489,0.2562254887337824,0.19090783179050744,0.2262814748533657,0.16182447129274888,0.17683311873554886,0.11702518981058314,0.1916429431335741,0.009617317378419952,0.012777044455352564,0.020976701379493267,0.011567252582218676,0.02267972367985635,0.004998485128820951,0.02173642581697004,0.0023673117883951603,0.005362632844967103,0.006981301096909859,0.0222691213983646,0.005296982332170399,0.007277544911506237,0.02838129675694968,4.5053619206940446e-05,0.17848993105875785,0.021426948065076848,0.011212156163689296,0.3449351407587974,0.0011899679648389298,0.062948206131829,1.2750450988653117,0.5347108111407194,0.364174839073168,0.39320149048433295,0.21874238910907912,0.30925381057741563,0.2818094018302416,0.2964506625968733,0.3497971112551018,0.17710969427973314,0.2629075680887051,0.19175499701553533,0.19456624839899966,0.013713926430549184,0.01613341969225891,0.02520427182186817,0.017676594788806625,0.02368693452084597,0.004256280174473113,0.026531571015785137,0.002514788931088139,0.006755043470154147,0.009980702537200715,0.025211134177809062,0.006226852174067449,0.005787218947391028
790.9137842023747,103.88677765233679,,,,,,,65.37850038667031,65.59998107959507,0.13135031874189054,0.08266198123301592,784.6153846153846,125.45076923076927,0.1598882352941177,169.23076923076928,37.583892617449656,64.42953020134227,18.625,101.5625,,,0.017907346018406812,0.004062948641355247,0.00047359624054999806,4.407475358200342,0.7978717281216972,0.1810269288601272,-5.505846302628616,2021-12-24 14:28:19,0.0764519056261343,0.0003845105831230575,3.1887197163502004,0.1308425548508882,0.1542800373654747,0.4922378132997894,0.007943850505621202,0.08298548094373866,-31.33340505189205,0.5900333499070208,-0.09605767706912552,0.2775011866106552,-0.11277832621086906,0.225152348041013,-0.2876664651068647,-0.06468450657408421,-0.19486982289421825,-0.1123454742294742,0.056608782775345534,0.1897960304213684,-0.12760307359392953,0.005425473075748357,0.0490366568944572,0.014182404736055157,0.010412502653966735,0.007983062121501365,0.0028399255927828017,0.015361179114808743,0.003066905056398763,0.011418844197079552,0.002718978907092233,0.0166103708752242,0.00122582763718093,0.019530382288820945,0.0012704174228675134,1.7425314426288778e-05,0.0006831798722878535,-0.003046835456300318,-0.0046439435558058755,0.0124419564686757,0.0001645517027090992,0.0029491833030853,0.2300973911267679,-0.12224319040024408,0.024581256670289132,-0.061782819056206015,-0.016413175798694748,0.001761271776414275,-0.03311791747630104,0.010502842543758434,-0.01969022115844009,0.012085600671737029,0.018591462517026768,0.025047020928820364,-0.020262829700649063,-0.0004079426943459051,0.00020232660299771766,-0.0031524544473623627,-0.0006782183360158683,-0.0008724922992679665,-6.999839663480683e-05,-0.001175746164401989,0.00032796381269135287,0.0005117026791692684,-0.00036129306808513513,-0.003118751522772381,-5.493633256127057e-05,-0.000931864306400166,0.02053329692365705,0.00035135365020594133,0.12629941567845654,0.034325348171507064,0.03884671037754918,0.28949214188333405,0.0050891283661605785,0.0276947593773749,2.1105614983257754,1.2999952365339669,0.9600124817457659,0.6071798376435736,0.3786986267104753,0.466747489513485,0.4313712853631642,0.3498504153271824,0.3371818914399331,0.20547804310805254,0.4261805108714995,0.4033190148386287,0.2897121384399641,0.006856108054989385,0.06869436656656214,0.02495538986194652,0.015833673855370458,0.017090943018560657,0.004017399306666091,0.020001068087651747,0.003310883192108618,0.011150264173740576,0.0033360663186343203,0.030442176889251226,0.0016950736012746063,0.018049794830229084,0.012237507442981773,0.00033010970018868615,0.17442865716070993,0.026137059498005003,0.030441576939804562,0.20341391292033115,0.007250856711474112,0.016810635671549792,1.5269823795063873,0.8451433023841345,0.6004855684202697,0.3720902469321288,0.4179323360070459,0.41267553209751295,0.29584025498732297,0.4087370648327991,0.2868593873710085,0.18995478523267773,0.2470838294973721,0.28098372863573456,0.281489224498487,0.006291273452512533,0.050615873471005934,0.02397182201319344,0.016816293169780002,0.019759298102218027,0.004968896559962682,0.013562022264712106,0.002833210429455403,0.013675720285784052,0.0032915646651731304,0.03305702170208714,0.002154503105917029,0.01289229818173737
791.4871794871792,103.77546559364063,,,,,,,65.20747969706292,65.42738386186565,0.13111452501464255,0.0823860213873738,784.6153846153846,125.45076923076927,0.1598882352941177,167.30769230769238,37.333333333333336,64.66666666666666,18.75,101.5625,,,0.01874232361886442,0.0039365230336796345,0.0004795444931283535,4.76113653051464,0.8093102625726565,0.16998257819024915,-5.537457424047425,2021-12-24 14:28:20,0.06935117967332123,0.0002389202897660396,3.015960179997024,0.13628134069067813,0.1719779563882986,0.3976492711457089,0.007543908042661105,0.08883847549909256,-31.71607051440454,0.8386378738119398,-0.08283236198926187,0.3552770151405421,-0.6246263899904931,0.1710124653610464,-0.13978183092599422,-0.12491005032337628,-0.21619138710444047,-0.3900182785767966,0.02840752402728756,0.21666939618059944,0.03342763373253803,0.0065817638089801355,0.00266672889759621,0.019245483988616342,0.01776463781251965,0.01787977525969361,0.01189995838766744,0.017619950672012746,0.003700591581360828,0.005998621452522202,0.009925776261313923,0.03313459545017265,0.0018309393349318038,0.01606674451914013,0.0002041742286751365,-1.7440043467065182e-05,-0.0024864233359586764,0.0031047711642384714,0.004039951052840721,0.00027940926190194733,-0.0001680246608710554,9.07441016333936e-05,-0.21695423528749447,0.08022510576938771,-0.015482364854309224,0.08514108370908828,-0.009969064032697716,-0.007608087676236458,0.0227417145443046,-0.0197435156211063,0.02717909350874136,-0.01631245044480828,0.005275224814474525,-0.032850821988554615,-0.0103745392365233,0.0012735464333886815,7.647631532492529e-05,0.0006110074788604732,0.0007459134167155274,0.000633122305280651,0.0003245200265132296,0.001964692762681085,-0.00018320899789880287,-0.0005935558363051912,0.0003755326184409284,0.0029422671641051268,0.0002900886464055324,0.0006759562166918768,0.013093807095833422,0.00034888725197200867,0.3469359649815663,0.02837229722994465,0.03174299441566002,0.2751091909248833,0.00398712567377225,0.02521135064888112,2.2693151036260715,0.8032913816839491,0.9323983046233116,0.4956622350402923,0.35834986152343945,0.4925520242701911,0.3511648578005345,0.31417412083437857,0.2665879576865724,0.2436456577533502,0.41665838792543264,0.18054059892711552,0.2584084082641216,0.008320414150867306,0.003001793857877001,0.024402644880837158,0.029322327535122625,0.015169280353106522,0.01762703462374789,0.01858453623827633,0.00555577461163389,0.00857558828654598,0.010300708379080623,0.03142214743324629,0.001428497017017156,0.009293865691281558,0.013036452996206826,0.00027121040098201666,0.3442485411739109,0.02101351002262575,0.031122840783519293,0.19989524067451733,0.004259423597790066,0.026776276483402337,1.2354419598717212,0.4362510609193268,0.5912159802725941,0.4086960196800668,0.352816064166501,0.4722792904733914,0.4121564080717367,0.2724081923062751,0.3264072594556456,0.3381179623897859,0.32368007915710884,0.17981901950523455,0.2588772385325722,0.011040926730564636,0.0046019722003532715,0.02358144824469095,0.03300316494550589,0.01494333009922212,0.015200399813024441,0.019869758677666653,0.007637478962091094,0.008845410359956042,0.014173481423576575,0.03274451336368093,0.001269649562306908,0.008686198224502
790.8717948717947,103.58487050460484,,,,,,,65.78048341817808,66.00030790924377,0.13097555277135228,0.08317464833708163,784.6153846153846,125.45076923076927,0.1598882352941177,167.30769230769238,38.0,65.33333333333333,18.75,101.5625,,,0.019274646672492755,0.003795174291937608,0.00048033609773729405,5.07872503074218,0.8184508757887083,0.16115282296925298,-5.574024942459866,2021-12-24 14:28:21,0.08203266787658801,0.0007004966986801268,3.0264639947205896,0.13755296905725314,0.15431592598306385,0.5667622838667483,0.008092700323784837,0.1045372050816697,-29.881129827323843,0.19159233070252835,-0.21255594007887568,0.17503399914131962,-0.4254503835785445,0.2739042542482548,-0.10761592104259524,-0.14240216923779034,-0.04233122378344721,-0.4629850908495093,0.1271782825765069,-0.1256701817949602,-0.02724355467803631,0.009558575335358786,0.012335652641289793,0.013090046074427852,0.0111916846666085,0.008039289945112372,0.015336376743265878,0.010555374317402154,0.005176490380894412,0.0022003543704614925,0.0069317006645652325,0.009063553912596065,0.005241028906621649,0.010654406463420828,-0.0004990925589836666,4.154132434448641e-05,-0.0021427356086998416,-0.003262375565640471,-0.004329286200584782,-0.020940987955625386,0.0005335327884828182,-0.0010889292196007276,0.22028638555890367,-0.10859633956577656,-0.002615987542804532,-0.04467070023750392,0.00012778371389527142,0.0368680734886017,-0.022166554057735467,0.027059937939987108,-0.00906248593515248,-0.01060199922645914,0.006806633613066586,-0.015185880796757197,0.025338764613389943,-0.0012684915333560404,-9.561649752723584e-05,-0.0005990641284121022,-0.0006850155230314642,-0.0006068823464919936,-0.00034498967953349287,-0.002182555285031252,-0.00015420585506950148,-5.289722387544642e-05,-0.0002592818376727267,-0.003019218975604293,-0.00029294637958065595,-0.0007885515597069867,0.019346059347729243,0.0011713402351951625,0.2436608283758037,0.02795163561140604,0.030683569377369845,0.3643296266576703,0.004246000606300722,0.041990699327083165,2.2083777020294058,0.7902888577011329,0.8669138128717997,0.31935585965137336,0.3015648138989802,0.3822847861603067,0.3823037005550726,0.34478208642776714,0.3449469022170398,0.2604440693218211,0.2206883644547534,0.30795318519243586,0.3770293464930558,0.00912110244889293,0.012630828637443598,0.017629730453530508,0.012544583002981854,0.009783775769922277,0.025995829725914268,0.009823579898111421,0.007495079910346006,0.0029316478546279,0.010909544840647342,0.012701470032303252,0.006428229786248674,0.0066497276001634895,0.02414624496913613,0.0012907960955581856,0.3944797066635203,0.02415073746133192,0.03218155817054883,0.4567543004311442,0.003809831092955586,0.06074204379234805,1.4254678559194705,0.8615309700681338,0.6506213567556333,0.319295344631324,0.29547589451019995,0.3766002264936053,0.3999806240546228,0.33421312858809765,0.29080307894045404,0.3071424194433469,0.2506593849768794,0.3247767910712225,0.33392864045041193,0.012222189477910336,0.01759858043294651,0.024128735086727856,0.015919179151630897,0.011271043489459459,0.03414563302922418,0.011426728677969455,0.00983033350243332,0.0037162069066320256,0.01563945107862784,0.010194693088920152,0.00877707468029105,0.009456132759423743
790.4615384615387,103.45556480846054,,,,,,,65.76538888083573,65.98473501396289,0.13087994769462696,0.08319872084963648,784.6153846153846,125.45076923076927,0.1598882352941177,167.30769230769238,38.0,64.66666666666666,18.75,101.5625,,,0.01962628516195071,0.003642137196731753,0.0004789747766012328,5.388672667125833,0.8264604769164421,0.15336995359884287,-5.6151846276746165,2021-12-24 14:28:22,0.09981851179673322,8.052484860381556e-05,3.003107726382091,0.16646902831687874,0.1605830026293362,1.085591966799608,0.0037738690728091437,0.17073502722323047,-31.51952738162637,0.40938633169967015,0.030491398600807094,0.10813520051493866,-0.2465076533743797,0.2788203158581192,-0.05246263813957885,0.023334405471071868,-0.04140647369601106,-0.23176659725125645,0.02141570307775081,0.02440949523042948,-0.0734752102659787,0.009369666336417507,0.005596711398168529,0.011134932594980643,0.014710392257134722,0.011427112701436315,0.0040555971621927984,0.013104977230564436,0.005617310155386792,0.005978890546436936,0.00762770872981325,0.018200111403658733,0.003813523783657132,0.00793830833985881,4.537205081669646e-05,-4.127666363357588e-05,0.004625220491721539,0.0029178041248892365,0.003693558718322489,0.03089043047544156,-0.0005514541617906135,0.0023139745916515428,-0.15228920346350386,0.0759042056246013,-0.0025108671676600442,0.03918229886078647,0.02358269630538589,-0.01738810047188702,0.04678485376293436,-0.04947522647866122,0.008743924282282677,-0.0019287920556975008,-0.023156410217105523,0.019003004236921108,-0.01564248872789355,0.00028371541459528587,0.00020652551098759896,0.0013560631734599626,0.00013548670144490556,0.000697446802317821,0.00015249595995984268,0.0010738523344415794,6.326592708645445e-05,7.924994794731652e-05,0.00044977464524655595,0.0017286990272498749,0.00026477296817081493,0.0004568913854999159,0.019630426345156816,9.629784473265937e-05,0.3709327862856097,0.03196144909886221,0.02557107674914916,0.43734545552846377,0.0024670373095921627,0.0684202553064116,1.7030960045080177,0.6441254953935515,0.6912596578495989,0.21133475253965164,0.33015305776446124,0.2464109272081211,0.3067897495949234,0.2936982922763413,0.2869392960594104,0.21821003878635295,0.21174228378966395,0.2346518130927905,0.2166627209868004,0.007858267909912101,0.003899647249153293,0.008676888958367542,0.01488669542343356,0.009403956376576069,0.0028584125932026023,0.008023476968670616,0.009213643218223972,0.005097054364794294,0.005311154208093381,0.015384242009582896,0.003480791511818446,0.0042246247064781145,0.025464151516213344,0.00017816731129475778,0.4963539912426761,0.04193931417774247,0.01920037213010585,0.5348561091969161,0.002082798965234558,0.08643654339078119,1.2077915931630776,0.6440819369276598,0.42296358247480265,0.25636522001076345,0.33886321907062905,0.30453399756121763,0.3049899326224198,0.3245203048582004,0.307668706746273,0.2399276460414095,0.24892377579519925,0.2769949636440498,0.2275062249144165,0.007273609878457836,0.005257442918445461,0.011102342917105157,0.022594032973827383,0.012562849833093559,0.003851686784339731,0.008951825895626129,0.011755084188222327,0.006938418104179304,0.007458351415355231,0.018617802664066728,0.004406695246246375,0.0053578014178903895
789.7435897435898,103.22494040629377,,,,,,,65.74425070630315,65.96395187532048,0.13070690505991744,0.08324759018005919,780.7692307692308,119.74846153846164,0.15337241379310354,167.30769230769238,38.0,64.66666666666666,18.75,101.5625,,,0.01969869862823881,0.0035532067707431093,0.0004776984881698369,5.543921279908817,0.8301317932620252,0.14973729808726266,-5.6399047675366285,2021-12-24 14:28:23,0.08784029038112524,4.672232994012357e-05,2.9151199243950474,0.1676278216927322,0.18679629247830776,0.7747717770668004,0.0035355518664446617,0.12858439201451904,-33.202263459300845,1.3053907876810311,0.2870396174983888,0.21143971649786292,-0.3224211062059407,0.2344643166510137,0.0076594404904919925,-0.08621236865500438,0.0017241385834183027,-0.2006982118436248,-0.06267484802127965,0.03430543669074372,-0.02097515774084581,0.009193015025682377,0.0053082000604303,0.029232034833648286,0.020650148164533432,0.014603873929745931,0.01385230616104618,0.02425444031518694,0.0021461650034053227,0.004532449569033403,0.00972134908557643,0.0344061745984546,0.0040820605616527506,0.014355980333507157,-0.0004764065335753173,6.09035821409168e-07,-0.016561449932195903,-0.0029345388361344442,-0.002268308749949978,-0.023840430612114067,0.00012876365399051642,-0.002177858439201453,0.04514980909267763,-0.009849710765833186,-0.024154018041900063,-0.01875782897536779,-0.020286198791215786,0.016655667155884936,-0.05382620044826657,0.025766902637894367,-0.02351709787606936,0.006780507134431707,-0.0006892187560337,-0.0020354360988106184,-0.006918429841401993,0.0001370243376580263,0.0005780422242995148,-0.00043060697699722606,0.0004637116109682624,-0.0004994574331880587,0.00014170492000300985,-0.0005871225044539832,-2.071846724782653e-05,0.00014546672538379344,-0.0003657820909822397,-0.0015376227877144338,-0.00021904474830989896,-0.00020073853275938002,0.02878369432431613,0.00013675654807395634,0.4608148950470546,0.031348683713392105,0.02669859778741172,0.4246663766512994,0.0017119395696967366,0.0690747415716386,2.030870797068729,0.5630619771191877,0.3749931584057226,0.22512126238334265,0.40759980963894415,0.2690615663834432,0.3847728338365309,0.31450257690497657,0.40102379673431227,0.2376872037101322,0.18687072204676866,0.26929332055902194,0.14522087500942454,0.007889328808099158,0.00432503492213196,0.0190254139522617,0.019409737022272368,0.010013439070162805,0.016840981961797563,0.0214994830904177,0.0022825622320087487,0.003608081765444914,0.005562029400978483,0.022505734099398173,0.0023307833422238663,0.007206064921041155,0.0278643040670586,0.0001865538340769801,0.568811655691411,0.02332724122738014,0.03001850610791893,0.41648072210048936,0.0023367871032943326,0.06527989647039506,1.8388595033221435,0.6909349522852362,0.37059747435976975,0.25169152178876397,0.3529433105763864,0.2874645176273625,0.26600857034645875,0.32115024364939765,0.2835834286732497,0.2747621622666559,0.22029063655826991,0.2685519900478306,0.22394759982918366,0.012325198318829968,0.004203148780014013,0.026726160397664383,0.023361596312511043,0.013976618824883751,0.01773049229932736,0.0197858197869284,0.002970092976643022,0.004681325237212607,0.008693150340681816,0.030227825064782683,0.002598366482688673,0.008281749866925533
789.047376464595,102.8218700061054,,,,,,,65.40723590609636,65.62585196115165,0.13031140217056292,0.0828939273572646,776.9230769230769,125.45076923076927,0.16147128712871292,165.38461538461542,37.08609271523178,64.23841059602648,18.875,101.5625,,,0.01952555519959773,0.0034820828241973337,0.00047501204337527735,5.607435602597602,0.8314885732124083,0.14828321395741534,-5.660124651532662,2021-12-24 14:28:24,0.09142468239564427,0.00023560924169422105,2.8333948230767216,0.14778292259634107,0.1598365890766836,0.7229508358844556,0.006050862577614414,0.13162431941923775,-30.525273942594428,0.3733693767595839,-0.22474081813701224,0.21743770243068972,-0.38920752230361344,0.3685295404515074,-0.23909635772622045,-0.011439019575825314,-0.1854147124161032,-0.2492348983940437,0.08615796113741125,0.02006277369851328,0.004428380187202331,0.0068979943715115144,0.012890179526848207,0.01719784356805395,0.008971053618679867,0.012445949642797787,0.011179328118674038,0.010911430986262002,0.002574904752073381,0.00442575929975491,0.008854390315877505,0.01120507331969301,0.004662781644595769,0.010995418599405723,0.0018602540834845734,7.004504688746849e-06,-0.007800619808448528,0.004822834360173095,0.004442287629745658,0.01730547915097841,-5.710563301767073e-05,0.0007713248638838461,0.1711713632123777,0.07803444721222327,-0.022150745634185773,-0.030703820143077768,-0.001520917202579325,-0.05999429825451447,0.038245431617155996,-0.0005264276409924745,-0.004001454761324475,0.03373156318408831,0.00948983134993915,-0.009447508441570798,0.011163702003203385,0.0005851305166071013,-0.0002565505861775499,-0.0003095689951350322,-0.00036504717713267205,0.0002773067763594369,0.0005284943225902732,0.0004167708704191917,0.00014556024540588266,0.0009606566363375336,0.0004095959136248801,0.0006721266219937513,0.00048680794369632753,-5.2926871112574674e-05,0.029733236490872637,0.00032181375218526503,0.5261030050933879,0.04851864884788158,0.03403079828879281,0.5404843084012598,0.003190906072795444,0.08365970101131011,1.8646280318241162,0.7617068961122022,0.8150913293720781,0.5526004287588264,0.3414795212068921,0.29604116905322875,0.24732314551447585,0.2442375713327781,0.21607867338722964,0.3010864620951005,0.24349005941044416,0.29501182433615164,0.22521210941158826,0.007486730181042803,0.013737742821219073,0.017163750910664948,0.008136530021544686,0.013063932362636548,0.01914026285889714,0.012921606994280462,0.00296715077291146,0.0054270221271434564,0.011580855790712377,0.018190103674252247,0.008962738947659359,0.0060944955591923965,0.028339885616713238,0.0003778480277866631,0.6678275679461849,0.03326052039781322,0.039104852236662886,0.4656776673301337,0.0037706988029088014,0.10381627916388672,1.4850684447374172,1.024846207713124,0.5764028214708494,0.4359359417561491,0.3678483134783346,0.3111922271825209,0.3830213820761849,0.23587206951058998,0.2965792933586319,0.3097518530688389,0.2395122634737136,0.27349591268279944,0.22456027984743449,0.008991456529131697,0.019999855146464383,0.01869105510652876,0.011731032361247382,0.014742423937247697,0.0283434514921986,0.016205249757699408,0.0032552565143402013,0.00679349245682045,0.014221976614725247,0.026930530137861338,0.013244142506931546,0.00785540934013736
788.8436067244015,102.84585175999152,,,,,,,65.39818863640703,65.6171979640421,0.13037546464634378,0.08290387103213884,776.9230769230769,125.45076923076927,0.16147128712871292,165.38461538461542,37.08609271523178,64.23841059602648,18.875,101.5625,,,0.018875407340678368,0.003381707469403573,0.0004647688530654417,5.5816203830331315,0.8307149011282188,0.14883041914735098,-5.689374528579246,2021-12-24 14:28:25,0.08915607985480943,0.00020046222147063978,2.742483701801985,0.15677143986316233,0.17190721393977554,0.6887429436269552,0.0058336660902231175,0.1207803992740472,-29.939563181126214,0.21700050035208648,-0.6853001936915024,0.28055767130915515,-0.3002402547715986,0.040006741376670416,-0.30234512792066137,-0.030368537816201163,-0.048781085293791895,-0.17850879161486338,0.10108511081760156,-0.14146641308840804,-0.09015037289990288,0.013597967286359465,0.016182254012866038,0.007985275278149344,0.015244755878177347,0.0072738641745303655,0.006325993005615802,0.007424606984105431,0.006105814447702846,0.007243819793801191,0.007038895686812381,0.008554492022877941,0.004355028241180366,0.00900690333387966,-0.0017014519056261345,-7.729268277847205e-06,0.022448883522497454,-0.004130925783705601,-0.003853071712557933,0.0017771413727616925,0.0004290469545185668,0.0011343012704174249,-0.2486121031760435,-0.10711883152341724,-0.010532641342699888,0.043176528382906254,0.009779894235884693,-0.015221952450972315,0.03030203986593345,-0.007520059379409859,0.03993664623510944,-0.016548621764424287,-0.021959089599918814,-0.021118404501499783,0.008475471571548248,-0.0009028841286520408,-0.00048447492135154636,-0.0004067403364376613,0.0003052030473206263,-0.000381490938989141,-0.0007751237545720222,-0.000418958823935958,0.00010955974496119147,-0.0007112190911912643,-0.00022896527260356694,0.00010207286657699324,-0.0004775135273035377,-2.102851891056453e-05,0.01877958994339424,0.00017750734952911115,0.6709282977931392,0.022104339740933367,0.018128711180396544,0.3721639679229487,0.004195763329578777,0.05027084000247229,1.7850024354257694,0.7261898484392934,0.4291738623033877,0.3848937860718354,0.3741655672548129,0.35179613195645143,0.4534405015208409,0.18278742580261784,0.3737758470458839,0.2996985054465964,0.2029611018193503,0.2137158151254277,0.2432146261922794,0.01815749791187,0.018435399639792373,0.004435554298982956,0.029901076603808693,0.007298039175290108,0.00510573571712407,0.005094024292587083,0.006916754108296418,0.006676340411454632,0.005832378167120426,0.005109669892916973,0.002930672218511764,0.00878004678726067,0.026331381497039792,0.00021437048003437626,0.8662991296625725,0.03091732547843525,0.016838499363703522,0.4879121704671687,0.005207309709029843,0.06800413773055132,1.773987617902029,0.7272436295840794,0.4259699949290139,0.5248554192923877,0.3360550217157157,0.4320841439246839,0.4409371691938129,0.28305191938088203,0.4913688991010485,0.43187919984768175,0.2698717722958458,0.28562870637000426,0.2456934014616046,0.01877009621301865,0.026731193410963014,0.007265155193714823,0.04296715261770949,0.00877533085122757,0.007629563988175719,0.006240497152111918,0.010401576315104934,0.006522898295287068,0.00671021288298853,0.007891968034253715,0.003767433731868458,0.013219541461924438
789.1282051282053,103.13071846387669,,,,,,,65.58095577872768,65.80181384431107,0.13068943397748864,0.08310557822232842,776.9230769230769,125.45076923076927,0.16147128712871292,167.30769230769238,37.333333333333336,64.0,18.75,101.5625,,,0.01777831282969835,0.003267171259979825,0.0004496833748849006,5.44150012809801,0.8270841741060017,0.15199561786927604,-5.7238307265618085,2021-12-24 14:28:26,0.07697368421052632,5.5594959388654014e-05,3.0153727600421103,0.1360697719855324,0.16043109657518892,0.472425917934437,0.006695779396559735,0.10122504537205082,-33.624092398519004,0.2740304490858234,-0.406082849061465,0.8539710019307851,-0.34034646507578514,0.19224647976107373,0.005450936859644534,-0.22388133023657333,-0.049246486328464116,-0.2218657823213693,0.03657393767208987,0.1732512871875868,-0.14287691717209014,0.00924897610450921,0.006176199193954885,0.017129152002791026,0.005286930528630865,0.003224776208059985,0.0035079433611399625,0.01262369940513535,0.012478748871621849,0.005891903081804907,0.010848810700218505,0.007264305033191863,0.004772622671916689,0.009068782526732959,-0.0016560798548094374,3.741057204294604e-05,-0.009769572394544856,-0.001867838341663248,-0.0018221920326701047,-0.0390240389958663,0.00030173479270765885,-0.0038112522686025415,0.23167764816397085,0.02923435206865275,-0.05957952046748896,0.01274802119188731,0.0005421225161512721,0.028963295801566487,0.013992267743750064,-0.016037684195022182,-0.04848791826216914,0.006700835302628864,0.009745443003418331,0.0013776849092553168,-0.023712067463994586,8.902498434380538e-05,-0.00026845272582656023,-7.021460853174136e-05,-0.000598667731235613,-0.00011061422261453386,-4.483725894825694e-05,-0.0001959861126328136,0.0032734454380692105,-0.00038763212576352487,-0.00033859809061861066,-0.0009714715656947148,-3.871809372008484e-05,0.0007051659618067502,0.02110813672707314,0.00016266755448514174,0.4273318847654508,0.0338376396206526,0.020730482080063426,0.4853877888617175,0.004165824977994732,0.0623078863653538,1.4417486076334147,0.5675801118781219,0.7090224484699683,0.4393155783416727,0.2761655998864709,0.2954673532224937,0.4644909863009921,0.2912916227649687,0.22426413648163784,0.2263923812301467,0.254287712308627,0.3629811993891584,0.2279987569218161,0.009038470461328716,0.006434674059819447,0.02339841611032137,0.003888243219531941,0.0024764683845401856,0.004081276663787839,0.01133243866296244,0.018906163714655283,0.006839976247093241,0.012075405707300977,0.005037297285299826,0.0041674237752612545,0.0064325408376912745,0.016040977195838163,0.00016781681719835168,0.6604923669764919,0.028868000968262444,0.03125079624915013,0.4755463926278613,0.004324570965914744,0.07056577819973793,1.6021041183407256,0.500032491476289,0.5005512267141664,0.40687282526973945,0.292388096395698,0.38995878735453016,0.2484624638567025,0.3780675567681846,0.1925204639668368,0.2542385304116153,0.32058574928338585,0.33003735513499266,0.22717610088828954,0.012534472431027741,0.00906952769026485,0.03247210606402555,0.005737269169354404,0.003166746904863207,0.005747075042640242,0.011970384890981992,0.0190876162272856,0.00798907809136766,0.016667053107657117,0.008509891000511166,0.005351322567704755,0.005186110840482144
789.2002037697401,102.75179802991428,,,,,,,65.24419310350778,65.46112927236862,0.13019737899091255,0.08267128263761023,776.9230769230769,125.45076923076927,0.16147128712871292,165.38461538461542,36.423841059602644,63.576158940397356,18.875,101.5625,,,0.016884179406843364,0.003208760768208941,0.0004397332629856149,5.261900349232872,0.8223078917509341,0.15627583898863034,-5.741870469895519,2021-12-24 14:28:27,0.07869782214156079,0.005194989629743928,2.846545849373644,0.1515608030546512,0.17638029760661386,0.5527972415672032,0.008064731703656361,0.11860254083484573,-29.805942198956075,1.428154349059952,-1.136935556277222,-0.4056675627517216,-0.3637784078132091,0.059000080485949874,0.19706346933741611,-0.14600508828649025,-0.02615686001751416,0.0133348510486845,-0.014746056830845275,-0.04524884325397923,-0.181612860348434,0.009306288080711315,0.006277134138865577,0.018376457968657826,0.00804644544966405,0.010541431403492566,0.01312160187190479,0.013220713413442862,0.011754285542048465,0.011371127494406708,0.005044584728410663,0.008883333172474223,0.011874148485678105,0.009098642369979407,0.0021778584392014503,-3.6632246148891896e-05,0.0060742484601388645,0.004949468259582698,0.0016213256790803489,0.08215327385769472,-9.566690548793168e-05,0.009074410163339385,-0.16017191610802808,-0.03700002077156029,0.059120241823420384,-0.051069111350624086,-0.00413441286376646,-0.021180965747421114,-0.054648016648931236,0.014219328464860787,0.0037823754254118157,-0.02631726630950728,0.024879601785659573,0.023689563068054642,0.014241447355954168,-1.6650177974091886e-05,3.186872193634622e-05,-7.133693478514478e-05,0.00026530785261877484,0.0003948741990347268,0.00012531587962621147,-9.602539116107104e-05,-0.003192043501226416,2.5437198602662816e-05,0.00014695203442971196,7.462621638552835e-05,0.00015316043124613774,-0.0008555418892372089,0.04729815416552517,0.013197519524535607,0.4426110442206082,0.059437329611151876,0.036202034844133216,0.6208351998454779,0.004695493073865935,0.12169460700020175,3.3034453879792527,1.1730503573467197,0.5217355716281745,0.8400726114753635,0.3568185087446317,0.2684207326018827,0.3317703801496724,0.16934445412483246,0.2883089206614813,0.21190104569171675,0.2387164358756875,0.2265811130531809,0.24487270168889885,0.006227908973523072,0.007452835856665359,0.01909737300917239,0.007303890699112126,0.008307237916114084,0.010772195042228127,0.008226718039939676,0.016635653090388308,0.01338151203998855,0.00430892423084102,0.006636752501767664,0.011564748358729914,0.005190183834412658,0.040264621185809785,0.012642346653280777,0.7009415257179922,0.05196545278371771,0.04108415652779026,0.6773017201871024,0.004481891400451034,0.1273133601432939,1.7840672118080538,0.7424561608312823,0.486900926550892,0.5830228460579299,0.4114331200842118,0.21667829991311496,0.2801634042385194,0.22004476020572067,0.1616141922159528,0.2840789757566152,0.19944099721576444,0.2591055897509222,0.2883619261678119,0.006720513518551993,0.00919165849765505,0.017476841994581018,0.009101968297109842,0.011418885254335391,0.011817887941136595,0.012384329458536706,0.02351008571657021,0.018905800685399682,0.0058121101832639965,0.009223489375339688,0.016273935613836044,0.006845333295930795
789.2002037697403,102.75179802991428,,,,,,,65.24419310350778,65.46112927236862,0.13019737899091252,0.08267128263761021,776.9230769230769,125.45076923076927,0.16147128712871292,165.38461538461542,36.423841059602644,63.576158940397356,18.875,101.5625,,,0.015431736451501182,0.0030958956299074183,0.0004200320412800065,4.984579035037645,0.8144400466241467,0.1633919416061573,-5.777678035093107,2021-12-24 14:28:28,0.11436025408348455,9.093855875751256e-05,2.8051631478818404,0.19807509225765849,0.19683372001910396,1.0160860258466635,0.0033288891277476014,0.18756805807622506,-32.56075493033602,0.8054728507911992,-0.4366262402069986,0.009552638473432993,-0.3299390338210365,0.1643466214745426,-0.049776350752449385,-0.13959213187887126,0.11496488798929427,-0.19737129913824328,-0.07948845170667568,-0.09278750430591284,0.0595440577043609,0.008330733744261581,0.0050107700094231145,0.026891740463991055,0.019705118376703825,0.008748588362105302,0.006713092693184768,0.01125549638474666,0.003187756441905548,0.00507820799435864,0.010486087726115144,0.019648641092595613,0.006721953232426331,0.011526589840625837,-0.0020417422867513627,1.0579088888576098e-06,-0.004232243792738011,-0.004141891742701282,-6.261487605800226e-05,-0.06714336675927167,-0.00045793555129962636,-0.007803992740471869,0.0378433004161467,0.03650312949520375,0.009120831164921888,0.03266462161321915,-0.0237539912119125,0.017666684445369743,0.012515030160527236,0.02023450456501464,0.020813633701229524,0.011918572561381385,-0.04926976979535038,-0.025991890143719425,0.005228993749341836,-0.00014481857514442737,0.0001258256883356244,0.004631321083079655,0.0023492359966200732,-4.6084135866071053e-05,-9.240546484395504e-05,-4.605116115443237e-05,-0.00034715854673124434,4.078619140804398e-05,0.00017545612113746155,-3.932276655744305e-05,-0.00012181520846666922,0.001304760510859502,0.0528967822032551,0.00015813621878674208,0.5317091652386248,0.04926505927968346,0.030751969818525893,0.5120167266528581,0.0017748257690190343,0.1093935482379361,2.9873858509112736,1.0131302563635252,0.5234865776526056,0.4047888588994147,0.4060395323726715,0.25873141426704965,0.21165874519276576,0.3230115318369528,0.20675199348059192,0.2689150856520409,0.2620246156181155,0.2178415474063483,0.2408729332320583,0.007978467065735417,0.0034465998493156363,0.032160522738163104,0.01986877154427922,0.006264915517611808,0.00599227536076658,0.011492656303097041,0.00486786944120599,0.00588087262897943,0.008429415040219627,0.01912199201905295,0.005724540893871001,0.008824850494149153,0.06426442884801828,0.0002036607786486633,0.8466026428861587,0.05032603272329682,0.031358544197514326,0.6881265504075665,0.0035822204045705803,0.14932503721492918,2.326568528794477,1.2201209197523228,0.6609182099785296,0.4455613488917512,0.5476243064756243,0.35177548155953864,0.2748487845191666,0.2500792072735236,0.3055183602168851,0.3857731907321861,0.2217982520234565,0.2333447950234641,0.2937023367477821,0.01088307783169315,0.0054313520878777645,0.02675483774526501,0.01772137461984057,0.007560595353709535,0.00882079803358307,0.013268493828405831,0.006733946736511353,0.008436267458742893,0.010384885167128207,0.014365054836337434,0.00861811851852928,0.007707257260538314
787.025641025641,101.00616356916865,,,,,,,60.3755636751408,60.55506907105149,0.12833910142691007,0.07671359168992282,776.9230769230769,125.45076923076927,0.16147128712871292,167.30769230769238,35.333333333333336,62.66666666666667,18.75,109.375,,,0.014667462090933074,0.0030913701602919485,0.00041507734848533935,4.744647625617207,0.8070614641533612,0.17009934727204845,-5.779140868782793,2021-12-24 14:28:29,0.06495009074410163,0.00016019016876261632,3.0571426700929503,0.11506827123115128,0.144659747334791,0.42118424356023104,0.008729251863684414,0.08652450090744099,-31.670306957942234,0.1252144620215173,-0.6635728831211514,0.29219775158577577,-0.2209282689853788,0.17780077659166466,-0.12584973925341264,0.10357620607545318,-0.07820407898833928,-0.34676346483395065,-0.05595849419467865,0.180213899261884,-0.08511996613535086,0.010604849608589682,0.007798746274915735,0.018875504775624937,0.010379113163058585,0.008723964163364132,0.01154093848939938,0.007067633014658516,0.002837860011113261,0.0044494239089963965,0.008542016331052319,0.02556672203055757,0.0015808473756396193,0.013070930481906893,0.001088929219600726,-1.7354811101884551e-06,-0.03246441339570736,0.0015483401478112015,0.0012874614948359953,0.013759595972257543,-0.00022662821796033604,0.0009074410163339383,-0.04866810199676852,0.006163966414742239,0.011548682161752588,-0.025755843853087323,0.011724771769450476,0.02261269684862583,-0.02519960020276779,-0.015418411247971803,-0.0005839591360416896,0.0016579209273342305,0.033707662427230056,0.0468227589000809,-0.005883640217138262,0.0005890907115916269,0.0002647248588011792,-0.0044403751602345755,-0.002203630421644748,-9.686769349900228e-05,0.0005354511930527191,0.0010159740814063842,6.51709412459518e-05,0.0002182343004482491,7.102205254967582e-05,0.0007247267667040776,6.211373157588096e-05,-0.0011294533997011854,0.012748072813693823,0.000304668597108575,0.2289166452568542,0.02298392401597291,0.0289035782971436,0.21767100393409644,0.007020855638292536,0.016914162594749784,1.314123457799484,0.8373481359020221,0.6978435351604775,0.4579140189033621,0.3279159538851345,0.4402914139259845,0.30741188653062657,0.2821311743269796,0.25039143525929497,0.19849535465985446,0.2463346867963673,0.2804111734443652,0.1899105341548865,0.008159607553605685,0.008614365369139306,0.024027898953037898,0.010023065665611071,0.00995590998266546,0.020359081495341755,0.0074509966058382065,0.0032197990266810968,0.005473220443229893,0.008724435454733392,0.03414125011533023,0.0015824468259493245,0.009004449918648872,0.011893536921367524,0.000260604914774776,0.2669615890019104,0.027586276116268783,0.034752885180607346,0.18450956668973106,0.007077309745509229,0.012583691064209672,1.1859329097963398,0.6890895438110727,0.5208455525906688,0.42000822593037423,0.3111453616865827,0.28819651153290377,0.3087616611902499,0.3045901629352199,0.22448596274063312,0.1919205748532065,0.1879094331095741,0.22476457981968645,0.24595654421419505,0.011961801199187102,0.010893418133983805,0.02294436663560288,0.012066247776922707,0.014515075410293806,0.02483436923312839,0.008328100087855509,0.0038046246932158015,0.007109822572202367,0.012455105762027123,0.03214405559444752,0.0021114631255340264,0.010299788706919518
786.0829959514169,100.67266045250805,,,,,,,60.01684782464451,60.19435498458636,0.12806874206795593,0.07634925082179718,776.9230769230769,125.45076923076927,0.16147128712871292,163.46153846153842,34.86842105263157,62.5,19.0,117.1875,,,0.014218506931694241,0.003155857951394641,0.00041841092420214816,4.50543311856314,0.7991168486407756,0.1773673757020785,-5.7584948860752485,2021-12-24 14:28:30,0.11510889292196007,2.649413926889105e-05,3.0965402192901315,0.18953177704226729,0.19744763187182954,0.8717260367713978,0.004041094080455885,0.19301270417422867,-32.84653900948154,1.101735960842417,-0.6348676237076378,0.15498142975863907,-0.021338812051156973,0.12593675789249142,0.08869007173582713,-0.13542134996721852,-0.1661168586392552,-0.2109645527582475,0.18729888969853184,0.1004581506941575,-0.023524378154482654,0.0056967156638231785,0.00476678073982137,0.014537174989859228,0.006761334369458508,0.013063209532008565,0.018780552394542148,0.01711620561840143,0.010653165801641766,0.005845342069016947,0.01210811236376122,0.02605879810514173,0.0034741205248153364,0.011711907319067022,0.0016560798548094374,1.050314753116233e-06,0.03816499067226324,0.0025357293749755498,0.0013597101669285655,-0.0020395741158408254,8.235790432844787e-05,-0.001043557168784029,0.03044765052244607,0.02596114766886656,-0.04706096362200572,0.002282511052702665,0.023964425600276472,-0.03325633043089333,0.01860410117220104,0.01962114165373168,0.0018544911804890289,-0.018506538845928795,0.007927630263028682,-0.00816833011914156,-0.010006611424341576,-0.000492033103476274,0.00010981337850662645,0.00023539271606580654,-0.00042470979715390864,0.0007053753630748929,0.0018267810609489208,-0.0010457798753848151,-7.584044317567677e-05,-0.0003764356298051068,0.0004778342383966671,-0.00010334511060899376,0.00014812349829229705,0.00036812750215520326,0.06645109768520926,3.1005404298267484e-05,0.1493996315020199,0.0637294941629818,0.036910684514877376,0.5886180207105165,0.0030426381397454807,0.16649579296467876,1.6864487886108943,0.6374381967960323,0.5985738055234909,0.26726014809287185,0.3373014038802444,0.4112150086730296,0.2800123885877092,0.29432048018993395,0.21481981421357396,0.2584196522202553,0.27465244773485376,0.14943726976113345,0.15488185230896853,0.003602398902865461,0.0030416671710083503,0.013253261241452615,0.00623228639224731,0.007377756891514389,0.029157639189447002,0.012763002445975977,0.008945628262315021,0.00428101458137365,0.007850255434007433,0.02655447554118919,0.0026196934707601377,0.008244656413567144,0.05820126678244079,3.801165568056005e-05,0.2567579463897382,0.04966131955075186,0.04019855399775303,0.4556867601979937,0.003209550779619904,0.12840667941580178,1.7876646744186024,0.8543223871572982,0.6663503653655586,0.2736250984697008,0.3376093933138601,0.3612846042691756,0.2902431403389329,0.3327641166136385,0.2285996888720128,0.3056547305185428,0.3546802727097377,0.2147587693118928,0.22499956289315373,0.00433290916225943,0.004467892272674732,0.017586008477981998,0.008448546555382403,0.01098277679435235,0.03988907844856094,0.017350881067155346,0.011967934430300944,0.005263526072020386,0.011279739338069302,0.03219994789224967,0.004028531721214231,0.010819658089686829
784.3623481781375,100.01926913044571,,,,,,,59.70262133146015,59.88873783371143,0.12751666288261224,0.07611612346020084,776.9230769230769,125.45076923076927,0.16147128712871292,163.46153846153842,34.21052631578947,61.842105263157904,19.0,117.1875,,,0.013822678536421756,0.003227997169723292,0.0004222749603657368,4.282122260226968,0.7910901140993172,0.18474253326372486,-5.735893405364382,2021-12-24 14:28:31,0.07320780399274046,0.0012448781931010096,3.0720363291742743,0.14758138710527108,0.17194903568944886,0.6969091677501904,0.004023001274513586,0.12019056261343013,-32.59262682970126,1.2399213900074642,0.03178285288922809,0.2231792192494987,-0.2364579487848077,0.12984498410628267,0.08779446026037642,-0.07007954687395103,-0.15685683429347072,-0.13125789778743865,0.033814999879875074,0.09849506405700313,0.0035559838702894533,0.009524650377160809,0.006103729435728479,0.01767576782499839,0.013363254652448751,0.020005317231905708,0.008249656345424652,0.026621821930025363,0.003564113771628865,0.00557637462904444,0.011493064820407092,0.03512846460223711,0.005004773082640538,0.01395745573593538,-0.0038793103448275866,0.0012118560736061362,-0.028315583869969112,-0.006225398710588398,-0.005739655778142104,-0.02553947194548321,0.000326031364744955,-0.0010435571687840268,0.4603217738077383,0.04380980561257072,-0.011837294369869966,-0.016702218853807287,-0.030156547011103336,0.02064244160397128,0.033660345767344536,-0.05910674914507327,-0.010757467732928369,0.031089106862759657,-0.016383060180151864,-0.010380652212940107,0.014639596705957743,0.0001543351656677952,-0.0004342003055023826,-0.000315188491745639,0.0009497278608177149,-0.00014764422311407032,-0.0020617816846288774,5.801037877345714e-05,0.0011040766879030401,0.00047132245978690607,-0.0007787672405221208,-0.00020002620472845688,0.0002015546698406324,-0.0003343346915056477,0.02141458660934516,0.0052823546990934545,0.2462032886086797,0.030045303050626193,0.02708836963706892,0.4066260580713527,0.0023036983273583924,0.05163289545209673,2.8488950292144404,0.5993241864840553,0.4844888068884564,0.34118831808914063,0.3569423244491397,0.2856324320626369,0.20831762686012928,0.316758709937563,0.1586039009286936,0.2170938172141548,0.14785604065165173,0.2070624518744863,0.17203572534261896,0.008190976246149584,0.00839961041373101,0.011996092835578115,0.008499789740546396,0.016437980298665764,0.006514478757318882,0.02038884434440618,0.004906579984810211,0.0027637116870101925,0.011084074333743844,0.029423957911096907,0.0064642471652895436,0.007115647047174932,0.02678775832232803,0.005191007698685228,0.2943139582273933,0.029869535356460693,0.02516133192039473,0.4065190693858608,0.002418340978257525,0.05649888017815196,1.7097068009660892,0.5517808196554062,0.4160289006145333,0.39920929365713376,0.3405936904976369,0.3125236187672329,0.27666720500453384,0.2490267044888673,0.20932975808072804,0.13516458305706724,0.1903299109317508,0.2189124838561898,0.2452005930017175,0.011855282918937116,0.010237475078298506,0.011504736596473749,0.00877512560690245,0.018262657199143738,0.013765139048176887,0.02115807524506523,0.005359165014669237,0.0026179600552489178,0.01067342740875498,0.03789400946632117,0.008162918999239184,0.008703273381963821
781.1740890688259,99.85996493803124,,,,,,,59.57778216934724,59.74448250491558,0.1278331761580395,0.0762669717327223,776.9230769230769,125.45076923076927,0.16147128712871292,161.53846153846158,33.55263157894737,61.842105263157904,19.0,117.1875,,,0.013367240997326264,0.0033078610564528004,0.00042536782707532653,4.041052743509331,0.7816885202840049,0.19343685170641226,-5.711453504984312,2021-12-24 14:28:32,0.0691923774954628,0.005240190381320372,2.8510186034427596,0.11907886363985958,0.1498347592063159,0.4518994767206833,0.006249097930320283,0.08938294010889293,-28.465398269907894,1.2581205818366448,-0.569982207560542,-0.012599652503174814,-0.573774915653833,0.29059579820124803,0.013538436496691295,-0.1364368943039905,-0.004424883445316938,0.012989586692028456,0.06226315748510105,0.006363000446815994,-0.025245283273436836,0.014057914977395895,0.01056772146546788,0.02043930801167677,0.010336619017718507,0.01059257468072885,0.013115514036448195,0.0131730570667216,0.007570597695580819,0.010277769255454008,0.010971157355991851,0.018159178563544792,0.006776653267286566,0.010032300445928894,0.002518148820326678,-0.0012090196062636178,0.012165635255087936,0.003851960472282607,0.004094656870321113,0.03257020809115711,-0.0003664735519367672,0.003312159709618873,-0.3532536556909804,-0.07494408686390099,0.09354669616295774,0.011142439165842243,0.0014647569610297007,0.02043348927399658,-0.04009488239703023,0.031414784142299534,0.01748900801205582,-0.008315534825647102,0.033669042515515286,-0.010006955659442004,-0.018080155875700568,0.0005958409770304714,0.0006187863098665367,0.00031182821889598467,-0.00017538969347685973,-0.0005375388852843927,-0.00012650778722109575,9.396528482887644e-05,-0.0009705675371584084,-3.701081546934057e-05,0.0003115022588503542,0.00011222479818386552,0.00011762926040389523,-8.543989066053532e-05,0.03346246423570124,0.009574933579249477,0.594829863668857,0.035137916269357125,0.029880302731273525,0.4128669418064785,0.0037775925742289033,0.05440674595085115,3.6010948084806635,0.8105107992128826,0.879137951905629,0.24218375364511305,0.5001250685593099,0.2954366109237146,0.3062937167038381,0.2760572664900811,0.17583177044556764,0.35914350276148604,0.3311077294417984,0.2489876096009157,0.1660628619048121,0.013641961507044413,0.009234052848889115,0.01545386573885277,0.008973274392661214,0.00941866026821859,0.013852628642055768,0.008238840808031129,0.01078639416219216,0.006655584919510194,0.008670222753690721,0.01687471523598005,0.006090422707459226,0.0046161145160673114,0.041358179832226484,0.009206601323131038,0.8586922678698501,0.0402689172655404,0.0387623795216864,0.5126466811916328,0.002939409056215734,0.08146691654838914,1.7416617200527087,0.9662605911755541,0.517098757751048,0.2574934768798092,0.4184573627743917,0.3023650091649961,0.29191723671867364,0.2781931121744825,0.2767700133634893,0.4112746608025209,0.3809356963502949,0.2809239758139391,0.18741414297694767,0.020540683358206867,0.010500178747635796,0.01806396958447733,0.009412310648394484,0.011867633849131065,0.02222819815962756,0.011106374505093329,0.014436395064976876,0.007066636934762099,0.012900992162393649,0.018439813893384026,0.008410469827765004,0.004887850468774023
